"Name","Type","AdmisRate","GradRate"
"Alabama A & M University","Public",0.684,0.1268
"University of Alabama at Birmingham","Public",0.8668,0.4445
"University of Alabama in Huntsville","Public",0.781,0.3898
"Alabama State University","Public",0.966,0.1365
"The University of Alabama","Public",0.8006,0.5482
"Auburn University at Montgomery","Public",0.9223,0.1452
"Auburn University","Public",0.4374,0.5585
"Birmingham-Southern College","Private nonprofit",0.5717,0.5854
"Faulkner University","Private nonprofit",0.8241,0.2145
"Herzing University-Birmingham","Private nonprofit",0.9412,0
"Huntingdon College","Private nonprofit",0.6595,0.3827
"Heritage Christian University","Private nonprofit",1,0
"Jacksonville State University","Public",0.7846,0.3091
"University of West Alabama","Public",0.6886,0.2857
"University of Mobile","Private nonprofit",0.8408,0.417
"University of Montevallo","Public",0.5984,0.4017
"University of North Alabama","Public",0.9568,0.3027
"Oakwood University","Private nonprofit",0.6805,0.3351
"Samford University","Private nonprofit",0.8326,0.6947
"University of South Alabama","Public",0.6536,0.3171
"Spring Hill College","Private nonprofit",0.7263,0.5481
"Stillman College","Private nonprofit",0.6454,0.072
"Troy University","Public",0.9484,0.2396
"Tuskegee University","Private nonprofit",0.2969,0.3287
"University of Alaska Anchorage","Public",0.6532,0.1444
"University of Alaska Southeast","Public",0.6266,0.1429
"Alaska Pacific University","Private nonprofit",0.9931,0.0278
"Arizona State University Campus Immersion","Public",0.8975,0.5334
"University of Arizona","Public",0.8676,0.5401
"Embry-Riddle Aeronautical University-Prescott","Private nonprofit",0.68,0.4808
"Grand Canyon University","Private for-profit",0.7787,0.3748
"Northern Arizona University","Public",0.7999,0.465
"Prescott College","Private nonprofit",0.9838,0.4894
"Arizona Christian University","Private nonprofit",0.7014,0.4331
"University of Arkansas at Little Rock","Public",0.6146,0.2425
"Lyon College","Private nonprofit",0.5984,0.3085
"University of Arkansas","Public",0.7893,0.5336
"University of Arkansas at Pine Bluff","Public",0.6933,0.2661
"Arkansas State University","Public",0.6951,0.3816
"Arkansas Tech University","Public",0.9439,0.3176
"University of Central Arkansas","Public",0.9121,0.3557
"Central Baptist College","Private nonprofit",0.6394,0.1795
"Harding University","Private nonprofit",0.4512,0.5257
"Henderson State University","Public",0.7066,0.2803
"Hendrix College","Private nonprofit",0.6028,0.6743
"John Brown University","Private nonprofit",0.5664,0.6409
"Ouachita Baptist University","Private nonprofit",0.7232,0.6174
"University of the Ozarks","Private nonprofit",0.6008,0.3404
"Williams Baptist University","Private nonprofit",0.5931,0.3211
"Southern Arkansas University Main Campus","Public",0.6361,0.2387
"Art Center College of Design","Private nonprofit",0.7097,0.3019
"Azusa Pacific University","Private nonprofit",0.87,0.4447
"Biola University","Private nonprofit",0.5663,0.5984
"California Baptist University","Private nonprofit",0.7992,0.4349
"California College of the Arts","Private nonprofit",0.7569,0.5373
"California Institute of Technology","Private nonprofit",0.0269,0.8128
"California Lutheran University","Private nonprofit",0.8718,0.6771
"California Polytechnic State University-San Luis Obispo","Public",0.3043,0.5962
"California State University-Bakersfield","Public",0.8655,0.2163
"California State University-Stanislaus","Public",0.9661,0.2481
"California State University-San Bernardino","Public",0.9108,0.2463
"California State Polytechnic University-Pomona","Public",0.5538,0.2653
"California State University-Chico","Public",0.95,0.3354
"California State University-Dominguez Hills","Public",0.8913,0.1742
"California State University-Fresno","Public",0.9543,0.2138
"California State University-Fullerton","Public",0.6672,0.3257
"California State University-East Bay","Public",0.962,0.125
"California State University-Long Beach","Public",0.3995,0.3806
"California State University-Los Angeles","Public",0.8694,0.1695
"California State University-Northridge","Public",0.9123,0.2286
"California State University-Sacramento","Public",0.9321,0.2193
"University of California-Berkeley","Public",0.1133,0.8172
"University of California-Davis","Public",0.3734,0.661
"University of California-Irvine","Public",0.2115,0.7249
"University of California-Los Angeles","Public",0.0857,0.8445
"University of California-Riverside","Public",0.6869,0.624
"University of California-San Diego","Public",0.2371,0.7189
"University of California-Santa Barbara","Public",0.2585,0.7284
"University of California-Santa Cruz","Public",0.4692,0.6218
"California Christian College","Private nonprofit",1,0
"California Institute of the Arts","Private nonprofit",0.2476,0.5528
"California State University Maritime Academy","Public",0.955,0.4915
"Chapman University","Private nonprofit",0.7252,0.7569
"Concordia University-Irvine","Private nonprofit",0.6899,0.5394
"Claremont McKenna College","Private nonprofit",0.1035,0.8318
"University of Silicon Valley","Private for-profit",0.6466,0.2952
"Design Institute of San Diego","Private for-profit",1,0.75
"Dharma Realm Buddhist University","Private nonprofit",0.5455,1
"Dominican University of California","Private nonprofit",0.9318,0.7203
"Fresno Pacific University","Private nonprofit",0.75,0.4028
"Harvey Mudd College","Private nonprofit",0.1336,0.8826
"Holy Names University","Private nonprofit",1,0.4632
"California State Polytechnic University-Humboldt","Public",0.9818,0.2254
"Life Pacific University","Private nonprofit",0.9448,0.3036
"University of La Verne","Private nonprofit",0.7351,0.5254
"Laguna College of Art and Design","Private nonprofit",0.8837,0.4167
"La Sierra University","Private nonprofit",0.9185,0.3447
"The Master's University and Seminary","Private nonprofit",0.7818,0.6744
"Loyola Marymount University","Private nonprofit",0.4131,0.7368
"Menlo College","Private nonprofit",0.6172,0.4702
"Mount Saint Mary's University","Private nonprofit",0.7576,0.4785
"Musicians Institute","Private for-profit",0.7845,0.1481
"Newschool of Architecture and Design","Private for-profit",0.4495,0.4167
"Occidental College","Private nonprofit",0.394,0.7729
"Otis College of Art and Design","Private nonprofit",0.8329,0.5764
"Hope International University","Private nonprofit",0.3222,0.3158
"Pacific States University","Private nonprofit",0.3333,0
"Pacific Union College","Private nonprofit",0.4846,0.2976
"University of the Pacific","Private nonprofit",0.9323,0.4675
"Pepperdine University","Private nonprofit",0.4871,0.7645
"Pitzer College","Private nonprofit",0.184,0.7761
"Point Loma Nazarene University","Private nonprofit",0.8193,0.6902
"Pomona College","Private nonprofit",0.0702,0.8732
"University of Redlands","Private nonprofit",0.8187,0.5626
"San Diego State University","Public",0.3926,0.5353
"University of San Diego","Private nonprofit",0.5261,0.7004
"San Francisco Conservatory of Music","Private nonprofit",0.4158,0.5556
"San Francisco State University","Public",0.942,0.2722
"University of San Francisco","Private nonprofit",0.7118,0.6711
"William Jessup University","Private nonprofit",0.6592,0.4495
"San Jose State University","Public",0.7671,0.2874
"Santa Clara University","Private nonprofit",0.5211,0.8456
"Scripps College","Private nonprofit",0.2791,0.7704
"Shasta Bible College and Graduate School","Private nonprofit",1,0
"Saint Mary's College of California","Private nonprofit",0.8789,0.6904
"Sonoma State University","Public",0.94,0.3952
"Vanguard University of Southern California","Private nonprofit",0.7484,0.5366
"Southern California Institute of Architecture","Private nonprofit",0.5984,0
"University of Southern California","Private nonprofit",0.1202,0.7891
"Thomas Aquinas College","Private nonprofit",0.8473,0.8276
"Westmont College","Private nonprofit",0.8199,0.7011
"Whittier College","Private nonprofit",0.7545,0.6014
"Woodbury University","Private nonprofit",0.626,0.3111
"Yeshiva Ohr Elchonon Chabad West Coast Talmudical Seminary","Private nonprofit",0.6148,0.16
"Adams State University","Public",0.9918,0.2129
"University of Colorado Denver/Anschutz Medical Campus","Public",0.7458,0.2335
"University of Colorado Colorado Springs","Public",0.8477,0.2458
"University of Colorado Boulder","Public",0.8073,0.5737
"Colorado College","Private nonprofit",0.163,0.8289
"Colorado School of Mines","Public",0.58,0.6567
"Colorado State University-Fort Collins","Public",0.9077,0.4743
"University of Denver","Private nonprofit",0.7768,0.7018
"Fort Lewis College","Public",0.9098,0.2689
"Colorado Mesa University","Public",0.8176,0.265
"Metropolitan State University of Denver","Public",0.9791,0.1073
"Naropa University","Private nonprofit",1,0.2069
"University of Northern Colorado","Public",0.7854,0.3683
"Regis University","Private nonprofit",0.7609,0.58
"Colorado State University Pueblo","Public",0.9879,0.1949
"United States Air Force Academy","Public",0.1623,0.8722
"Western Colorado University","Public",0.9185,0.3225
"Albertus Magnus College","Private nonprofit",0.805,0.4264
"Bais Binyomin Academy","Private nonprofit",1,0
"University of Bridgeport","Private nonprofit",0.8151,0.3651
"Central Connecticut State University","Public",0.7671,0.3081
"Connecticut College","Private nonprofit",0.404,0.8136
"University of Connecticut","Public",0.5451,0.7411
"Eastern Connecticut State University","Public",0.7383,0.5005
"Fairfield University","Private nonprofit",0.5218,0.8163
"University of Hartford","Private nonprofit",0.8275,0.48
"Mitchell College","Private nonprofit",0.7684,0.5652
"University of New Haven","Private nonprofit",0.9124,0.5448
"Paier College","Private for-profit",0.9545,0.3333
"Quinnipiac University","Private nonprofit",0.8379,0.7332
"Sacred Heart University","Private nonprofit",0.6571,0.6853
"University of Saint Joseph","Private nonprofit",0.7485,0.56
"Southern Connecticut State University","Public",0.8292,0.3177
"Trinity College","Private nonprofit",0.3614,0.7972
"United States Coast Guard Academy","Public",0.2386,0.8283
"Wesleyan University","Private nonprofit",0.1443,0.8915
"Western Connecticut State University","Public",0.8351,0.3309
"Yale University","Private nonprofit",0.0457,0.8815
"Delaware State University","Public",0.5492,0.3241
"University of Delaware","Public",0.7381,0.7297
"Goldey-Beacom College","Private nonprofit",0.6272,0.4737
"American University","Private nonprofit",0.4063,0.7433
"The Catholic University of America","Private nonprofit",0.8559,0.7303
"Gallaudet University","Private nonprofit",0.5921,0.1633
"George Washington University","Private nonprofit",0.4898,0.7941
"Georgetown University","Private nonprofit",0.1223,0.9104
"Howard University","Private nonprofit",0.5343,0.6078
"Trinity Washington University","Private nonprofit",0.9697,0.2036
"The Baptist College of Florida","Private nonprofit",0.9211,0.375
"Barry University","Private nonprofit",0.5963,0.1858
"Bethune-Cookman University","Private nonprofit",0.8497,0.1783
"Lynn University","Private nonprofit",0.8011,0.4392
"Albizu University-Miami","Private nonprofit",0.8889,0.5
"Johnson University Florida","Private nonprofit",0.7931,0.4
"University of Central Florida","Public",0.4104,0.4769
"Eckerd College","Private nonprofit",0.6509,0.6265
"Edward Waters University","Private nonprofit",0.8354,0.2165
"Embry-Riddle Aeronautical University-Daytona Beach","Private nonprofit",0.6453,0.364
"Florida Agricultural and Mechanical University","Public",0.3293,0.347
"Florida Atlantic University","Public",0.8132,0.4793
"Flagler College","Private nonprofit",0.8095,0.495
"Florida College","Private nonprofit",0.7168,0.3011
"AdventHealth University","Private nonprofit",0.3372,0.3833
"Florida Institute of Technology","Private nonprofit",0.6437,0.502
"Florida International University","Public",0.6386,0.4862
"Florida Memorial University","Private nonprofit",0.6994,0.1653
"Florida Southern College","Private nonprofit",0.5661,0.6345
"Florida State University","Public",0.2504,0.7378
"University of Florida","Public",0.2335,0.722
"Jacksonville University","Private nonprofit",0.5769,0.4338
"Keiser University-Ft Lauderdale","Private nonprofit",0.9653,0.4943
"Luther Rice College & Seminary","Private nonprofit",0.6757,0
"University of Miami","Private nonprofit",0.1894,0.7396
"University of North Florida","Public",0.705,0.4847
"Nova Southeastern University","Private nonprofit",0.758,0.5641
"Palm Beach Atlantic University","Private nonprofit",0.9466,0.4595
"Ringling College of Art and Design","Private nonprofit",0.647,0.6873
"Rollins College","Private nonprofit",0.4999,0.7119
"Saint Leo University","Private nonprofit",0.801,0.4198
"St. John Vianney College Seminary","Private nonprofit",1,0.5
"University of South Florida","Public",0.4393,0.6088
"St. Thomas University","Private nonprofit",0.6515,0.335
"Stetson University","Private nonprofit",0.938,0.597
"Southeastern University","Private nonprofit",0.6086,0.3241
"The University of Tampa","Private nonprofit",0.2635,0.571
"Trinity Baptist College","Private nonprofit",0.4959,0.2985
"Trinity College of Florida","Private nonprofit",0.5977,0
"Warner University","Private nonprofit",0.551,0.3293
"Webber International University","Private nonprofit",0.4897,0.2924
"The University of West Florida","Public",0.4803,0.3642
"Abraham Baldwin Agricultural College","Public",0.6696,0.2071
"Agnes Scott College","Private nonprofit",0.6652,0.6949
"Point University","Private nonprofit",0.242,0.2101
"Clark Atlanta University","Private nonprofit",0.5626,0.3546
"Berry College","Private nonprofit",0.6631,0.6098
"Brenau University","Private nonprofit",0.8655,0.3688
"Brewton-Parker College","Private nonprofit",0.9476,0.1184
"College of Coastal Georgia","Public",0.9833,0.1055
"Clayton  State University","Public",0.5632,0.1752
"Columbus State University","Public",0.878,0.2293
"Covenant College","Private nonprofit",0.8413,0.6604
"Emmanuel College","Private nonprofit",0.6266,0.3615
"Emory University","Private nonprofit",0.1135,0.828
"Fort Valley State University","Public",0.4309,0.2166
"Georgia Institute of Technology-Main Campus","Public",0.1713,0.5592
"Georgia Southwestern State University","Public",0.7318,0.2004
"Georgia College & State University","Public",0.7995,0.5138
"Georgia Southern University","Public",0.8889,0.3074
"Georgia State University","Public",0.6678,0.3449
"University of Georgia","Public",0.4255,0.7069
"Gordon State College","Public",0.9332,0.0532
"LaGrange College","Private nonprofit",0.5912,0.4511
"Life University","Private nonprofit",0.9777,0.2143
"Herzing University-Atlanta","Private nonprofit",0.9341,0.2308
"Mercer University","Private nonprofit",0.7468,0.6671
"Morehouse College","Private nonprofit",0.6001,0.397
"Oglethorpe University","Private nonprofit",0.7099,0.4683
"Paine College","Private nonprofit",0.5151,0.0297
"Piedmont University","Private nonprofit",0.6435,0.4139
"Reinhardt University","Private nonprofit",0.6233,0.3665
"Savannah College of Art and Design","Private nonprofit",0.8173,0.5966
"Shorter University","Private nonprofit",0.9747,0.2965
"Spelman College","Private nonprofit",0.2839,0.6667
"Thomas University","Private nonprofit",0.4609,0.2619
"Toccoa Falls College","Private nonprofit",0.6801,0.3398
"Truett McConnell University","Private nonprofit",0.8083,0.3899
"Valdosta State University","Public",0.8947,0.2313
"Wesleyan College","Private nonprofit",0.668,0.4078
"University of West Georgia","Public",0.8012,0.2539
"Young Harris College","Private nonprofit",0.7729,0.4118
"Chaminade University of Honolulu","Private nonprofit",0.9341,0.5313
"University of Hawaii at Hilo","Public",0.8424,0.2626
"University of Hawaii at Manoa","Public",0.7277,0.3736
"Hawaii Pacific University","Private nonprofit",0.871,0.3821
"University of Hawaii-West Oahu","Public",0.9637,0.1917
"Boise Bible College","Private nonprofit",1,0.3333
"Boise State University","Public",0.8393,0.3813
"University of Idaho","Public",0.7385,0.4067
"The College of Idaho","Private nonprofit",0.4552,0.519
"Lewis-Clark State College","Public",0.8677,0.1967
"Northwest Nazarene University","Private nonprofit",0.8819,0.472
"Brigham Young University-Idaho","Private nonprofit",0.9556,0.1819
"American Islamic College","Private nonprofit",1,0
"School of the Art Institute of Chicago","Private nonprofit",0.7896,0.471
"Augustana College","Private nonprofit",0.6122,0.7446
"Aurora University","Private nonprofit",0.819,0.4808
"Blackburn College","Private nonprofit",0.6437,0.25
"Bradley University","Private nonprofit",0.7514,0.5756
"Chicago State University","Public",0.4851,0.1081
"University of Chicago","Private nonprofit",0.0543,0.8953
"Columbia College Chicago","Private nonprofit",0.9477,0.3992
"Concordia University-Chicago","Private nonprofit",0.9304,0.3268
"DePaul University","Private nonprofit",0.7017,0.5788
"Eastern Illinois University","Public",0.6796,0.347
"Elmhurst University","Private nonprofit",0.7601,0.522
"Eureka College","Private nonprofit",0.8672,0.3856
"Governors State University","Public",0.5748,0.1455
"Greenville University","Private nonprofit",0.9412,0.505
"Hebrew Theological College","Private nonprofit",0.7143,0.1591
"University of Illinois Chicago","Public",0.7869,0.3964
"Benedictine University","Private nonprofit",0.9312,0.3949
"University of Illinois Urbana-Champaign","Public",0.4482,0.7207
"Illinois Wesleyan University","Private nonprofit",0.4222,0.7524
"Illinois College","Private nonprofit",0.7718,0.6357
"Illinois Institute of Technology","Private nonprofit",0.6144,0.376
"Illinois State University","Public",0.8624,0.5054
"Judson University","Private nonprofit",0.582,0.435
"Knox College","Private nonprofit",0.7332,0.6647
"Lake Forest College","Private nonprofit",0.5972,0.7361
"Lewis University","Private nonprofit",0.7406,0.4476
"Loyola University Chicago","Private nonprofit",0.7915,0.6719
"McKendree University","Private nonprofit",0.6835,0.4498
"Methodist College","Private nonprofit",0.3333,0.6316
"Millikin University","Private nonprofit",0.754,0.4673
"Monmouth College","Private nonprofit",0.907,0.5088
"Moody Bible Institute","Private nonprofit",0.9414,0.4059
"National Louis University","Private nonprofit",0.9205,0.2268
"North Central College","Private nonprofit",0.6087,0.5772
"North Park University","Private nonprofit",0.6801,0.4056
"Northern Illinois University","Public",0.7068,0.3307
"Northwestern University","Private nonprofit",0.0721,0.8698
"Northeastern Illinois University","Public",0.627,0.0339
"Olivet Nazarene University","Private nonprofit",0.578,0.5724
"Principia College","Private nonprofit",0.4785,0.5982
"Quincy University","Private nonprofit",0.617,0.3951
"Rockford University","Private nonprofit",0.5491,0.3169
"Roosevelt University","Private nonprofit",0.8832,0.3744
"Dominican University","Private nonprofit",0.8953,0.4686
"University of St Francis","Private nonprofit",0.5842,0.4673
"Saint Xavier University","Private nonprofit",0.8413,0.3929
"University of Illinois Springfield","Public",0.8203,0.4343
"Southern Illinois University-Carbondale","Public",0.915,0.3502
"Southern Illinois University-Edwardsville","Public",0.9751,0.3448
"Telshe Yeshiva-Chicago","Private nonprofit",0.9429,0
"Trinity Christian College","Private nonprofit",0.7068,0.575
"Trinity International University-Illinois","Private nonprofit",0.9126,0.3776
"VanderCook College of Music","Private nonprofit",1,0.5714
"Western Illinois University","Public",0.75,0.2834
"Wheaton College","Private nonprofit",0.8843,0.7925
"Anderson University","Private nonprofit",0.5175,0.5414
"Ball State University","Public",0.6895,0.4972
"Bethel University","Private nonprofit",0.9947,0.4893
"Butler University","Private nonprofit",0.8206,0.7208
"DePauw University","Private nonprofit",0.658,0.7478
"Earlham College","Private nonprofit",0.7324,0.662
"University of Evansville","Private nonprofit",0.7632,0.5562
"Franklin College","Private nonprofit",0.9286,0.5872
"Goshen College","Private nonprofit",0.9354,0.5622
"Grace College and Theological Seminary","Private nonprofit",0.8462,0.6474
"Hanover College","Private nonprofit",0.7411,0.6656
"Holy Cross College","Private nonprofit",0.7617,0.293
"Huntington University","Private nonprofit",0.775,0.6142
"Purdue University Fort Wayne","Public",0.8066,0.2194
"Indiana University-Purdue University-Indianapolis","Public",0.8289,0.39
"University of Indianapolis","Private nonprofit",0.7614,0.4935
"Indiana Institute of Technology","Private nonprofit",0.6466,0.1956
"University of Southern Indiana","Public",0.9444,0.3754
"Indiana State University","Public",0.923,0.3265
"Indiana University-Kokomo","Public",0.8575,0.2608
"Indiana University-South Bend","Public",0.8688,0.181
"Indiana University-Bloomington","Public",0.8241,0.7187
"Indiana University-Northwest","Public",0.8031,0.1792
"Indiana University-Southeast","Public",0.8523,0.2278
"Indiana University-East","Public",0.7755,0.3208
"Manchester University","Private nonprofit",0.6639,0.4289
"Marian University","Private nonprofit",0.9384,0.4179
"Indiana Wesleyan University-Marion","Private nonprofit",0.8672,0.5687
"University of Notre Dame","Private nonprofit",0.1291,0.9134
"Oakland City University","Private nonprofit",0.5572,0.3951
"Rose-Hulman Institute of Technology","Private nonprofit",0.7302,0.7293
"University of Saint Francis-Fort Wayne","Private nonprofit",0.9806,0.4579
"Saint Mary-of-the-Woods College","Private nonprofit",0.7817,0.3797
"Saint Mary's College","Private nonprofit",0.8389,0.6837
"Taylor University","Private nonprofit",0.7461,0.7076
"Trine University","Private nonprofit",0.9188,0.538
"Valparaiso University","Private nonprofit",0.9415,0.623
"Wabash College","Private nonprofit",0.6149,0.7302
"Buena Vista University","Private nonprofit",0.7727,0.4809
"Central College","Private nonprofit",0.7924,0.677
"Clarke University","Private nonprofit",0.848,0.5063
"Cornell College","Private nonprofit",0.7933,0.5889
"Dordt University","Private nonprofit",0.8767,0.6338
"Drake University","Private nonprofit",0.6723,0.6812
"University of Dubuque","Private nonprofit",0.8505,0.3095
"Emmaus Bible College","Private nonprofit",1,0.4545
"Faith Baptist Bible College and Theological Seminary","Private nonprofit",0.5245,0.3684
"Graceland University-Lamoni","Private nonprofit",0.7449,0.384
"Grand View University","Private nonprofit",0.9841,0.4567
"Grinnell College","Private nonprofit",0.1076,0.8426
"Iowa State University","Public",0.9022,0.5152
"Iowa Wesleyan University","Private nonprofit",0.8081,0.2673
"University of Iowa","Public",0.86,0.554
"Loras College","Private nonprofit",0.8984,0.5828
"Luther College","Private nonprofit",0.7532,0.6462
"Maharishi International University","Private nonprofit",0.9429,0.5
"Mercy College of Health Sciences","Private nonprofit",0.9671,0.375
"Morningside University","Private nonprofit",0.7061,0.4735
"Mount Mercy University","Private nonprofit",0.7527,0.4937
"University of Northern Iowa","Public",0.9495,0.4338
"Northwestern College","Private nonprofit",0.8733,0.5445
"Saint Ambrose University","Private nonprofit",0.7392,0.5784
"Simpson College","Private nonprofit",0.891,0.6207
"Upper Iowa University","Private nonprofit",0.5423,0.414
"Waldorf University","Private for-profit",0.7386,0.1466
"Wartburg College","Private nonprofit",0.9745,0.6312
"William Penn University","Private nonprofit",0.5767,0.2294
"Baker University","Private nonprofit",0.9175,0.395
"Benedictine College","Private nonprofit",0.9883,0.5252
"Bethany College","Private nonprofit",0.6603,0.2367
"Bethel College-North Newton","Private nonprofit",0.9715,0.1683
"Emporia State University","Public",0.9567,0.3544
"Fort Hays State University","Public",0.8802,0.3162
"Barclay College","Private nonprofit",0.5268,0.3056
"Friends University","Private nonprofit",0.6327,0.3558
"University of Kansas","Public",0.8784,0.5331
"Newman University","Private nonprofit",0.5103,0.48
"Kansas State University","Public",0.9514,0.4678
"Kansas Wesleyan University","Private nonprofit",0.6962,0.2671
"Manhattan Christian College","Private nonprofit",0.4796,0.0667
"McPherson College","Private nonprofit",0.6588,0.4124
"MidAmerica Nazarene University","Private nonprofit",0.6682,0.3429
"Ottawa University-Ottawa","Private nonprofit",0.7823,0.2151
"Pittsburg State University","Public",0.8618,0.3622
"University of Saint Mary","Private nonprofit",0.8193,0.2951
"Southwestern College","Private nonprofit",0.7016,0.2912
"Sterling College","Private nonprofit",0.611,0.2656
"Tabor College","Private nonprofit",0.5271,0.4044
"Wichita State University","Public",0.9485,0.3125
"Alice Lloyd College","Private nonprofit",0.9833,0.256
"Asbury University","Private nonprofit",0.7873,0.5967
"Bellarmine University","Private nonprofit",0.8778,0.5308
"Berea College","Private nonprofit",0.2458,0.5132
"Brescia University","Private nonprofit",0.5036,0.3304
"Centre College","Private nonprofit",0.6285,0.8475
"University of the Cumberlands","Private nonprofit",0.8302,0.3185
"Eastern Kentucky University","Public",0.6431,0.386
"Georgetown College","Private nonprofit",0.7152,0.4242
"Kentucky Mountain Bible College","Private nonprofit",0.45,0.1818
"Kentucky State University","Public",0.915,0.1824
"Kentucky Wesleyan College","Private nonprofit",0.6855,0.4093
"University of Kentucky","Public",0.9489,0.5184
"Kentucky Christian University","Private nonprofit",0.4439,0.2876
"University of Louisville","Public",0.8154,0.4256
"Midway University","Private nonprofit",0.9376,0.4078
"Morehead State University","Public",0.8397,0.3642
"Murray State University","Public",0.8398,0.4515
"Northern Kentucky University","Public",0.8601,0.3359
"The Southern Baptist Theological Seminary","Private nonprofit",0.8723,0.2698
"Spalding University","Private nonprofit",0.9764,0.3
"Thomas More University","Private nonprofit",0.9424,0.3107
"Transylvania University","Private nonprofit",0.9079,0.6364
"Union College","Private nonprofit",0.5342,0.2319
"Western Kentucky University","Public",0.9695,0.4008
"Centenary College of Louisiana","Private nonprofit",0.6365,0.5385
"Dillard University","Private nonprofit",0.7989,0.3792
"Grambling State University","Public",0.4237,0.1418
"Louisiana State University-Alexandria","Public",0.5767,0.2457
"Louisiana State University and Agricultural & Mechanical College","Public",0.7572,0.4423
"Louisiana State University-Shreveport","Public",0.8891,0.1746
"Louisiana Christian University","Private nonprofit",0.7461,0.2137
"Louisiana Tech University","Public",0.6237,0.4202
"Loyola University New Orleans","Private nonprofit",0.7811,0.577
"McNeese State University","Public",0.7124,0.2836
"University of New Orleans","Public",0.6976,0.2082
"Nicholls State University","Public",0.9843,0.2324
"University of Louisiana at Monroe","Public",0.7011,0.3383
"Northwestern State University of Louisiana","Public",0.9793,0.3057
"University of Holy Cross","Private nonprofit",0.8735,0.1351
"Franciscan Missionaries of Our Lady University","Private nonprofit",0.8478,0.1333
"Southeastern Louisiana University","Public",0.9898,0.2413
"Southern University and A & M College","Public",0.539,0.1056
"Southern University at New Orleans","Public",0.9353,0.0741
"University of Louisiana at Lafayette","Public",0.7456,0.2524
"Tulane University of Louisiana","Private nonprofit",0.1145,0.8075
"Xavier University of Louisiana","Private nonprofit",0.9516,0.3803
"College of the Atlantic","Private nonprofit",0.6008,0.519
"Bates College","Private nonprofit",0.1374,0.8833
"Bowdoin College","Private nonprofit",0.0919,0.8807
"Colby College","Private nonprofit",0.0761,0.8412
"University of Maine at Farmington","Public",0.9417,0.3885
"University of Maine at Fort Kent","Public",0.9924,0.2652
"University of Maine","Public",0.9396,0.4046
"Maine Maritime Academy","Public",0.5765,0.5164
"University of Maine at Presque Isle","Public",0.9699,0.2025
"University of New England","Private nonprofit",0.9628,0.5509
"Maine College of Art & Design","Private nonprofit",0.7396,0.4833
"Saint Joseph's College of Maine","Private nonprofit",0.8084,0.6203
"University of Southern Maine","Public",0.8543,0.2438
"Thomas College","Private nonprofit",0.9724,0.4328
"Unity College","Private nonprofit",0.9431,0.4641
"University of Baltimore","Public",0.8933,0.1957
"Bowie State University","Public",0.8654,0.1764
"Capitol Technology University","Private nonprofit",0.6434,0.4574
"Washington Adventist University","Private nonprofit",0.5143,0.2078
"Coppin State University","Public",0.4495,0.094
"Frostburg State University","Public",0.8788,0.2943
"Goucher College","Private nonprofit",0.8024,0.5034
"Hood College","Private nonprofit",0.7787,0.5205
"Johns Hopkins University","Private nonprofit",0.0725,0.892
"Loyola University Maryland","Private nonprofit",0.8348,0.753
"University of Maryland-Baltimore County","Public",0.8055,0.4654
"University of Maryland-College Park","Public",0.4461,0.7446
"Maryland Institute College of Art","Private nonprofit",0.7958,0.7043
"University of Maryland Eastern Shore","Public",0.8156,0.2063
"Morgan State University","Public",0.8538,0.2164
"Mount St. Mary's University","Private nonprofit",0.7957,0.5635
"Ner Israel Rabbinical College","Private nonprofit",0.7222,0.2286
"Notre Dame of Maryland University","Private nonprofit",0.6958,0.5054
"Salisbury University","Public",0.9106,0.5019
"St. Mary's College of Maryland","Public",0.773,0.6048
"St. John's College","Private nonprofit",0.499,0.748
"Towson University","Public",0.786,0.4774
"United States Naval Academy","Public",0.1075,0.8758
"Stevenson University","Private nonprofit",0.841,0.576
"Washington College","Private nonprofit",0.7471,0.6683
"McDaniel College","Private nonprofit",0.8205,0.5825
"Hult International Business School","Private nonprofit",0.4774,0.5575
"American International College","Private nonprofit",0.8936,0.275
"Amherst College","Private nonprofit",0.0726,0.8493
"Anna Maria College","Private nonprofit",0.6958,0.3303
"Assumption University","Private nonprofit",0.823,0.7014
"Babson College","Private nonprofit",0.2235,0.8995
"Boston Baptist College","Private nonprofit",1,0.125
"Bay Path University","Private nonprofit",0.7563,0.4641
"Bay State College","Private for-profit",0.4771,0.2
"Bentley University","Private nonprofit",0.5788,0.8365
"Berklee College of Music","Private nonprofit",0.5423,0.5431
"Boston College","Private nonprofit",0.1666,0.8772
"Boston University","Private nonprofit",0.1437,0.8333
"Brandeis University","Private nonprofit",0.3941,0.8184
"Bridgewater State University","Public",0.8771,0.3416
"Clark University","Private nonprofit",0.5032,0.7209
"Curry College","Private nonprofit",0.8752,0.4586
"Dean College","Private nonprofit",0.7595,0.3385
"Eastern Nazarene College","Private nonprofit",0.6192,0.3976
"Emerson College","Private nonprofit",0.4275,0.7341
"Emmanuel College","Private nonprofit",0.7969,0.5923
"Endicott College","Private nonprofit",0.7331,0.7504
"Fisher College","Private nonprofit",0.7423,0.2679
"Fitchburg State University","Public",0.8606,0.3992
"Framingham State University","Public",0.8741,0.4255
"Gordon College","Private nonprofit",0.9176,0.6086
"Hampshire College","Private nonprofit",0.689,0.5125
"Harvard University","Private nonprofit",0.0324,0.868
"Hellenic College-Holy Cross Greek Orthodox School of Theology","Private nonprofit",0.5789,0.6
"College of the Holy Cross","Private nonprofit",0.3636,0.8889
"Lasell University","Private nonprofit",0.7321,0.5698
"Lesley University","Private nonprofit",0.8623,0.4865
"University of Massachusetts-Lowell","Public",0.8595,0.4901
"University of Massachusetts-Amherst","Public",0.6352,0.7634
"University of Massachusetts-Boston","Public",0.8076,0.2804
"MCPHS University","Private nonprofit",0.8826,0.503
"Massachusetts College of Art and Design","Public",0.7864,0.5428
"Massachusetts Institute of Technology","Private nonprofit",0.0396,0.8871
"Massachusetts Maritime Academy","Public",0.894,0.6992
"Merrimack College","Private nonprofit",0.7463,0.6275
"Mount Holyoke College","Private nonprofit",0.3976,0.7799
"The New England Conservatory of Music","Private nonprofit",0.3755,0.7265
"Nichols College","Private nonprofit",0.8486,0.5072
"Massachusetts College of Liberal Arts","Public",0.9245,0.4892
"Northeastern University","Private nonprofit",0.068,0
"College of Our Lady of the Elms","Private nonprofit",0.9091,0.681
"Regis College","Private nonprofit",0.8877,0.6009
"Salem State University","Public",0.9266,0.4225
"Simmons University","Private nonprofit",0.7646,0.5947
"Smith College","Private nonprofit",0.2286,0.8257
"Springfield College","Private nonprofit",0.7563,0.6728
"University of Massachusetts-Dartmouth","Public",0.9552,0.3939
"Stonehill College","Private nonprofit",0.7344,0.7497
"Suffolk University","Private nonprofit",0.8679,0.4601
"Tufts University","Private nonprofit",0.0969,0.8982
"Wellesley College","Private nonprofit",0.1357,0.822
"Wentworth Institute of Technology","Private nonprofit",0.9231,0.5726
"Western New England University","Private nonprofit",0.8801,0.6163
"Westfield State University","Public",0.8151,0.5236
"Wheaton College (Massachusetts)","Private nonprofit",0.7948,0.7557
"Williams College","Private nonprofit",0.085,0.8786
"Worcester Polytechnic Institute","Private nonprofit",0.5748,0.8188
"Worcester State University","Public",0.8766,0.4654
"Adrian College","Private nonprofit",0.6906,0.398
"Albion College","Private nonprofit",0.6652,0.4826
"Alma College","Private nonprofit",0.6465,0.528
"Andrews University","Private nonprofit",0.9127,0.4567
"Aquinas College","Private nonprofit",0.9078,0.4542
"Baker College","Private nonprofit",0.3665,0.084
"Calvin University","Private nonprofit",0.7421,0.6499
"Central Michigan University","Public",0.7895,0.3617
"Cleary University","Private nonprofit",0.6753,0.4844
"Concordia University Ann Arbor","Private nonprofit",0.7018,0.2814
"College for Creative Studies","Private nonprofit",0.492,0.4648
"Davenport University","Private nonprofit",0.9891,0.3524
"University of Detroit Mercy","Private nonprofit",0.9053,0.5298
"Eastern Michigan University","Public",0.8323,0.2161
"Ferris State University","Public",0.8788,0.3394
"Kettering University","Private nonprofit",0.8075,0.0994
"Grace Christian University","Private nonprofit",0.9966,0.338
"Cornerstone University","Private nonprofit",0.8178,0.5179
"Grand Valley State University","Public",0.9037,0.4237
"Hillsdale College","Private nonprofit",0.2058,0.7555
"Hope College","Private nonprofit",0.8045,0.7292
"Kalamazoo College","Private nonprofit",0.7925,0.711
"Lake Superior State University","Public",0.7691,0.3123
"Lawrence Technological University","Private nonprofit",0.8191,0.3452
"Madonna University","Private nonprofit",0.6484,0.2596
"Rochester University","Private nonprofit",0.7137,0.1719
"University of Michigan-Ann Arbor","Public",0.1769,0.8128
"Michigan State University","Public",0.8795,0.6293
"Michigan Technological University","Public",0.9368,0.3319
"University of Michigan-Dearborn","Public",0.541,0.2738
"University of Michigan-Flint","Public",0.6635,0.1884
"Northern Michigan University","Public",0.7055,0.3617
"Northwood University","Private nonprofit",0.7968,0.514
"Oakland University","Public",0.9005,0.3286
"Olivet College","Private nonprofit",0.8464,0.3391
"Kuyper College","Private nonprofit",0.7568,0.4571
"Sacred Heart Major Seminary","Private nonprofit",1,0
"Saginaw Valley State University","Public",0.7637,0.2059
"Siena Heights University","Private nonprofit",0.6498,0.3946
"Spring Arbor University","Private nonprofit",0.4732,0.4721
"Finlandia University","Private nonprofit",0.6657,0.2222
"Wayne State University","Public",0.7532,0.3368
"Western Michigan University","Public",0.8455,0.2769
"Augsburg University","Private nonprofit",0.7651,0.4777
"Bemidji State University","Public",0.7752,0.3739
"Bethany Lutheran College","Private nonprofit",0.585,0.4928
"Bethel University","Private nonprofit",0.7249,0.6697
"Carleton College","Private nonprofit",0.1663,0.8765
"Concordia College at Moorhead","Private nonprofit",0.6553,0.6538
"Concordia University-Saint Paul","Private nonprofit",0.6909,0.4215
"Martin Luther College","Private nonprofit",0.8372,0.5436
"Gustavus Adolphus College","Private nonprofit",0.739,0.7283
"Hamline University","Private nonprofit",0.8055,0.6172
"Macalester College","Private nonprofit",0.2842,0.8297
"Minnesota State University-Mankato","Public",0.7068,0.2967
"Metropolitan State University","Public",0.817,0.15
"University of Minnesota-Twin Cities","Public",0.7491,0.7252
"University of Minnesota-Crookston","Public",0.5722,0.4278
"Minneapolis College of Art and Design","Private nonprofit",0.5689,0.4724
"Herzing University-Minneapolis","Private nonprofit",0.9429,0.375
"University of Minnesota-Duluth","Public",0.807,0.4267
"University of Minnesota-Morris","Public",0.7766,0.4785
"Minnesota State University Moorhead","Public",0.5662,0.393
"North Central University","Private nonprofit",0.9081,0.5124
"University of Northwestern-St Paul","Private nonprofit",0.9251,0.6192
"College of Saint Benedict","Private nonprofit",0.878,0.7396
"Saint Cloud State University","Public",0.9528,0.2527
"Saint Johns University","Private nonprofit",0.8624,0.6898
"Saint Mary's University of Minnesota","Private nonprofit",0.9683,0.5371
"St Olaf College","Private nonprofit",0.5641,0.8151
"Crown College","Private nonprofit",0.6659,0.4583
"The College of Saint Scholastica","Private nonprofit",0.9661,0.5848
"University of St Thomas","Private nonprofit",0.77,0.7033
"St Catherine University","Private nonprofit",0.9253,0.478
"Southwest Minnesota State University","Public",0.9159,0.2678
"Dunwoody College of Technology","Private nonprofit",0.9804,0.3846
"Winona State University","Public",0.7375,0.4299
"Alcorn State University","Public",0.2993,0.3225
"Belhaven University","Private nonprofit",0.426,0.3319
"Blue Mountain Christian University","Private nonprofit",0.957,0.3578
"Delta State University","Public",0.9861,0.2945
"Jackson State University","Public",0.8864,0.26
"Millsaps College","Private nonprofit",0.6783,0.5476
"University of Mississippi","Public",0.9738,0.5396
"Mississippi University for Women","Public",0.9911,0.2878
"Mississippi Valley State University","Public",0.6478,0.1495
"Mississippi College","Private nonprofit",0.3999,0.4965
"Mississippi State University","Public",0.7519,0.4111
"Rust College","Private nonprofit",0.7876,0.0196
"University of Southern Mississippi","Public",0.9884,0.3795
"Tougaloo College","Private nonprofit",0.4931,0.194
"William Carey University","Private nonprofit",0.5358,0.3222
"Avila University","Private nonprofit",0.6763,0.3416
"Cox College","Private nonprofit",0.3333,0.5
"Calvary University","Private nonprofit",0.6316,0.36
"Central Methodist University-College of Liberal Arts and Sciences","Private nonprofit",0.9786,0.4319
"University of Central Missouri","Public",0.7134,0.3921
"Cleveland University-Kansas City","Private nonprofit",0.8667,0.3333
"Conception Seminary College","Private nonprofit",1,0.0909
"Cottey College","Private nonprofit",0.7302,0.4375
"Culver-Stockton College","Private nonprofit",0.9695,0.4082
"Drury University","Private nonprofit",0.6343,0.5051
"Evangel University","Private nonprofit",0.6791,0.4629
"Fontbonne University","Private nonprofit",0.9443,0.471
"Hannibal-LaGrange University","Private nonprofit",0.6711,0.2553
"Kansas City Art Institute","Private nonprofit",0.5848,0.4815
"Lindenwood University","Private nonprofit",0.7402,0.4312
"Maryville University of Saint Louis","Private nonprofit",0.8776,0.5596
"Midwestern Baptist Theological Seminary","Private nonprofit",0.9429,0.1818
"Missouri Baptist University","Private nonprofit",0.709,0.2731
"Missouri Southern State University","Public",0.9948,0.2077
"Missouri Valley College","Private nonprofit",0.6124,0.1473
"University of Missouri-Columbia","Public",0.7913,0.5493
"University of Missouri-Kansas City","Public",0.6948,0.3507
"Missouri University of Science and Technology","Public",0.8149,0.2402
"University of Missouri-St Louis","Public",0.5111,0.309
"Truman State University","Public",0.4505,0.5932
"Northwest Missouri State University","Public",0.8556,0.3984
"Ozark Christian College","Private nonprofit",0.9443,0.2909
"College of the Ozarks","Private nonprofit",0.2113,0.4453
"Stevens-The Institute of Business & Arts","Private for-profit",1,1
"Rockhurst University","Private nonprofit",0.6646,0.7139
"Saint Louis University","Private nonprofit",0.8471,0.7346
"University of Health Sciences and Pharmacy in St. Louis","Private nonprofit",0.9158,0.6917
"Southwest Baptist University","Private nonprofit",0.9955,0.3277
"Stephens College","Private nonprofit",0.6415,0.4125
"Southeast Missouri State University","Public",0.8631,0.394
"Missouri State University-Springfield","Public",0.9256,0.3985
"Washington University in St Louis","Private nonprofit",0.1176,0.8857
"Webster University","Private nonprofit",0.551,0.4388
"Westminster College","Private nonprofit",0.7528,0.56
"William Jewell College","Private nonprofit",0.4099,0.5892
"William Woods University","Private nonprofit",0.6147,0.5053
"Carroll College","Private nonprofit",0.7808,0.5473
"University of Providence","Private nonprofit",0.9548,0.3053
"Montana Technological University","Public",0.8947,0.2976
"Montana State University","Public",0.7333,0.3546
"The University of Montana","Public",0.9538,0.2946
"Rocky Mountain College","Private nonprofit",0.7517,0.3287
"The University of Montana-Western","Public",0.3631,0.2466
"Clarkson College","Private nonprofit",0.5606,0.6818
"Bryan College of Health Sciences","Private nonprofit",0.6757,0.72
"Concordia University-Nebraska","Private nonprofit",0.9084,0.4406
"Creighton University","Private nonprofit",0.7569,0.7034
"Doane University","Private nonprofit",0.7583,0.5644
"Hastings College","Private nonprofit",0.7133,0.4469
"University of Nebraska at Kearney","Public",0.8599,0.2954
"Nebraska Methodist College of Nursing & Allied Health","Private nonprofit",0.9053,0.3548
"Midland University","Private nonprofit",0.649,0.3393
"University of Nebraska at Omaha","Public",0.8586,0.2468
"Nebraska Wesleyan University","Private nonprofit",0.8148,0.5095
"University of Nebraska-Lincoln","Public",0.7864,0.4641
"Summit Christian College","Private nonprofit",0.6667,0.3333
"College of Saint Mary","Private nonprofit",0.6458,0.5294
"Union College","Private nonprofit",0.9883,0.3066
"York University","Private nonprofit",0.5729,0.2737
"University of Nevada-Las Vegas","Public",0.8531,0.2223
"University of Nevada-Reno","Public",0.8562,0.4092
"Colby-Sawyer College","Private nonprofit",0.7801,0.504
"Dartmouth College","Private nonprofit",0.0638,0.845
"Franklin Pierce University","Private nonprofit",0.9272,0.4724
"Magdalen College","Private nonprofit",0.9796,0.7917
"New England College","Private nonprofit",0.9994,0.2606
"Southern New Hampshire University","Private nonprofit",0.9637,0.3275
"University of New Hampshire-Main Campus","Public",0.8699,0.7039
"Keene State College","Public",0.8953,0.5333
"University of New Hampshire at Manchester","Public",0.8528,0.6034
"Plymouth State University","Public",0.9755,0.4477
"Rivier University","Private nonprofit",0.8447,0.4681
"Saint Anselm College","Private nonprofit",0.823,0.8201
"Bloomfield College","Private nonprofit",0.7818,0.21
"Caldwell University","Private nonprofit",0.6637,0.565
"Centenary University","Private nonprofit",0.9654,0.5401
"Drew University","Private nonprofit",0.7266,0.6971
"Fairleigh Dickinson University-Metropolitan Campus","Private nonprofit",0.8409,0.3919
"Felician University","Private nonprofit",0.8915,0.3038
"Fairleigh Dickinson University-Florham Campus","Private nonprofit",0.8912,0.5215
"Georgian Court University","Private nonprofit",0.7579,0.4344
"Rowan University","Public",0.7694,0.3734
"New Jersey City University","Public",0.9014,0.199
"Kean University","Public",0.826,0.3112
"Monmouth University","Private nonprofit",0.9092,0.5998
"Montclair State University","Public",0.9131,0.4577
"New Jersey Institute of Technology","Public",0.6599,0.484
"Princeton University","Private nonprofit",0.057,0.8812
"Rabbinical College of America","Private nonprofit",0.9467,0.15
"Ramapo College of New Jersey","Public",0.7047,0.5796
"Rider University","Private nonprofit",0.8413,0.6092
"Rutgers University-Camden","Public",0.7652,0.4518
"Rutgers University-New Brunswick","Public",0.6629,0.7014
"Rutgers University-Newark","Public",0.7394,0.3922
"Saint Peter's University","Private nonprofit",0.8883,0.5032
"Seton Hall University","Private nonprofit",0.7507,0.6573
"Saint Elizabeth University","Private nonprofit",0.7192,0.3533
"Stevens Institute of Technology","Private nonprofit",0.4622,0.6535
"Stockton University","Public",0.8554,0.6171
"Talmudical Academy-New Jersey","Private nonprofit",0.6667,0
"The College of New Jersey","Public",0.6443,0.749
"William Paterson University of New Jersey","Public",0.9153,0.3681
"Eastern New Mexico University-Main Campus","Public",0.2755,0.2638
"Institute of American Indian and Alaska Native Culture and Arts Development","Public",1,0.1
"New Mexico Institute of Mining and Technology","Public",0.7443,0.3792
"University of New Mexico-Main Campus","Public",0.9607,0.3459
"New Mexico State University-Main Campus","Public",0.7805,0.2937
"Adelphi University","Private nonprofit",0.7278,0.5826
"Albany College of Pharmacy and Health Sciences","Private nonprofit",0.6629,0.68
"Alfred University","Private nonprofit",0.5061,0.4341
"American Musical and Dramatic Academy","Private nonprofit",0.2585,0.589
"Bard College","Private nonprofit",0.4608,0.6154
"Barnard College","Private nonprofit",0.0879,0.8716
"Beth Hamedrash Shaarei Yosher Institute","Private nonprofit",0.8621,0
"Canisius College","Private nonprofit",0.7773,0.6279
"Cazenovia College","Private nonprofit",0.751,0.5075
"Central Yeshiva Tomchei Tmimim Lubavitz","Private nonprofit",0.916,0
"Clarkson University","Private nonprofit",0.7842,0.6136
"Colgate University","Private nonprofit",0.1243,0.8773
"Metropolitan College of New York","Private nonprofit",0.6549,0.359
"Columbia University in the City of New York","Private nonprofit",0.0395,0.8832
"The Cooper Union for the Advancement of Science and Art","Private nonprofit",0.2247,0.6422
"Cornell University","Private nonprofit",0.0747,0.8917
"CUNY Bernard M Baruch College","Public",0.4953,0.5086
"CUNY Brooklyn College","Public",0.5454,0.3197
"CUNY City College","Public",0.666,0.2593
"CUNY Hunter College","Public",0.4786,0.3283
"CUNY John Jay College of Criminal Justice","Public",0.5066,0.3679
"CUNY Lehman College","Public",0.5531,0.2679
"CUNY Medgar Evers College","Public",0.8765,0.0952
"CUNY New York City College of Technology","Public",0.818,0.0909
"CUNY Queens College","Public",0.6948,0.2973
"CUNY York College","Public",0.5914,0.1154
"D'Youville  University","Private nonprofit",0.8404,0.3013
"Daemen University","Private nonprofit",0.7994,0.4297
"Yeshiva of Far Rockaway Derech Ayson Rabbinical Seminary","Private nonprofit",0.6667,0.1111
"Dominican University New York","Private nonprofit",0.8897,0.3953
"Elmira College","Private nonprofit",0.9595,0.5268
"Five Towns College","Private for-profit",0.5829,0.3125
"Fordham University","Private nonprofit",0.5413,0.7949
"Hamilton College","Private nonprofit",0.1178,0.8856
"Hartwick College","Private nonprofit",0.5972,0.4403
"Hilbert College","Private nonprofit",0.9549,0.5141
"Hobart William Smith Colleges","Private nonprofit",0.6838,0.6764
"Hofstra University","Private nonprofit",0.6933,0.5925
"Houghton University","Private nonprofit",0.77,0.5282
"Iona University","Private nonprofit",0.964,0.4866
"Ithaca College","Private nonprofit",0.752,0.691
"Jewish Theological Seminary of America","Private nonprofit",0.5076,0.7143
"The Juilliard School","Private nonprofit",0.1061,0.8108
"Keuka College","Private nonprofit",0.9279,0.4656
"LIM College","Private for-profit",0.8382,0.4
"Le Moyne College","Private nonprofit",0.7828,0.6529
"Long Island University","Private nonprofit",0.9265,0.3626
"Machzikei Hadath Rabbinical College","Private nonprofit",0.95,0
"Manhattan College","Private nonprofit",0.823,0.6044
"Manhattan School of Music","Private nonprofit",0.5501,0.7517
"Manhattanville College","Private nonprofit",0.8412,0.5455
"Maria College of Albany","Private nonprofit",0.9691,0.25
"Marist College","Private nonprofit",0.6285,0.7347
"Marymount Manhattan College","Private nonprofit",0.7209,0.4897
"Medaille University","Private nonprofit",0.688,0.3511
"Mercy College","Private nonprofit",0.8586,0.2981
"Mesivta Torah Vodaath Rabbinical Seminary","Private nonprofit",0.925,0
"Mesivta of Eastern Parkway-Yeshiva Zichron Meilech","Private nonprofit",0.5833,0
"Mesivtha Tifereth Jerusalem of America","Private nonprofit",0.619,0
"Mirrer Yeshiva Cent Institute","Private nonprofit",0.8,0
"Molloy College","Private nonprofit",0.7663,0.461
"Monroe College","Private for-profit",0.5984,0.6343
"Mount Saint Mary College","Private nonprofit",0.8829,0.4792
"College of Mount Saint Vincent","Private nonprofit",0.8889,0.4243
"Nazareth College","Private nonprofit",0.8394,0.6209
"The New School","Private nonprofit",0.5718,0.5677
"New York University","Private nonprofit",0.1246,0.7847
"Niagara University","Private nonprofit",0.8955,0.6489
"New York Institute of Technology","Private nonprofit",0.7572,0.3756
"New York School of Interior Design","Private nonprofit",0.6509,0.5
"Alliance University","Private nonprofit",1,0.3333
"Ohr Hameir Theological Seminary","Private nonprofit",1,0.3333
"Pace University","Private nonprofit",0.8293,0.4954
"Paul Smiths College of Arts and Science","Private nonprofit",0.8492,0.4127
"Davis College","Private nonprofit",0.5,0.3333
"Pratt Institute-Main","Private nonprofit",0.5045,0.5807
"Rabbinical Academy Mesivta Rabbi Chaim Berlin","Private nonprofit",0.9556,0
"Rabbinical College Beth Shraga","Private nonprofit",0.875,0
"Rabbinical Seminary Mkor Chaim","Private nonprofit",1,0
"Rabbinical College of Long Island","Private nonprofit",1,0.1951
"Rabbinical Seminary of America","Private nonprofit",0.9895,0.0519
"Rensselaer Polytechnic Institute","Private nonprofit",0.6451,0.7073
"Roberts Wesleyan University","Private nonprofit",0.995,0.6062
"Rochester Institute of Technology","Private nonprofit",0.6717,0.2916
"University of Rochester","Private nonprofit",0.3891,0.8174
"Russell Sage College","Private nonprofit",0.7363,0.6244
"St Bonaventure University","Private nonprofit",0.8111,0.6859
"St. Francis College","Private nonprofit",0.8427,0.3606
"St Lawrence University","Private nonprofit",0.635,0.8043
"The College of Saint Rose","Private nonprofit",0.7801,0.4306
"St. Thomas Aquinas College","Private nonprofit",0.8861,0.4173
"Sarah Lawrence College","Private nonprofit",0.4988,0.6552
"Sh'or Yoshuv Rabbinical College","Private nonprofit",1,0
"Siena College","Private nonprofit",0.8035,0.7319
"Skidmore College","Private nonprofit",0.2554,0.8067
"St. Joseph's University-New York","Private nonprofit",0.7671,0.5948
"St. John Fisher University","Private nonprofit",0.7305,0.6435
"St. John's University-New York","Private nonprofit",0.8467,0.5544
"SUNY College of Technology at Alfred","Public",0.8174,0.2875
"SUNY College of Technology at Canton","Public",0.9491,0.4011
"SUNY College of Technology at Delhi","Public",0.8315,0.275
"SUNY College of Agriculture and Technology at Cobleskill","Public",0.8403,0.5066
"Farmingdale State College","Public",0.7317,0.3621
"SUNY Morrisville","Public",0.8717,0.2103
"SUNY at Albany","Public",0.679,0.5843
"Binghamton University","Public",0.4175,0.7494
"University at Buffalo","Public",0.6771,0.5898
"Stony Brook University","Public",0.4914,0.6578
"SUNY College of Environmental Science and Forestry","Public",0.6951,0.589
"SUNY Polytechnic Institute","Public",0.8167,0.4984
"SUNY Brockport","Public",0.6794,0.4862
"SUNY Buffalo State University","Public",0.8598,0.2378
"SUNY Cortland","Public",0.5978,0.5509
"SUNY at Fredonia","Public",0.8458,0.4516
"SUNY College at Geneseo","Public",0.7493,0.668
"State University of New York at New Paltz","Public",0.5827,0.5617
"SUNY Oneonta","Public",0.7253,0.6961
"State University of New York at Oswego","Public",0.8256,0.5354
"SUNY College at Potsdam","Public",0.8268,0.3678
"SUNY at Purchase College","Public",0.7468,0.5764
"SUNY College at Old Westbury","Public",0.921,0.3207
"SUNY College at Plattsburgh","Public",0.7024,0.4985
"SUNY Maritime College","Public",0.8033,0.5197
"Syracuse University","Private nonprofit",0.5175,0.7534
"Talmudical Seminary Oholei Torah","Private nonprofit",0.7826,0.0645
"Talmudical Institute of Upstate New York","Private nonprofit",1,0
"Torah Temimah Talmudical Seminary","Private nonprofit",0.6429,0
"Touro University","Private nonprofit",0.7131,0.5427
"Union College","Private nonprofit",0.4651,0.7964
"United States Merchant Marine Academy","Public",0.2735,0.7008
"United States Military Academy","Public",0.1195,0.8469
"Utica University","Private nonprofit",0.809,0.4467
"Vassar College","Private nonprofit",0.1866,0.8741
"Villa Maria College","Private nonprofit",0.782,0.2832
"School of Visual Arts","Private for-profit",0.8741,0.6453
"Wagner College","Private nonprofit",0.6854,0.5669
"Webb Institute","Private nonprofit",0.2077,0.8571
"Wells College","Private nonprofit",0.8768,0.4848
"The College of Westchester","Private for-profit",0.9545,0.3043
"Yeshiva Derech Chaim","Private nonprofit",0.6441,0
"Yeshivath Shaar Hatorah","Private nonprofit",0.7561,0.04
"Yeshiva University","Private nonprofit",0.6322,0.7539
"Yeshivath Viznitz","Private nonprofit",0.8909,0
"Yeshivath Zichron Moshe","Private nonprofit",0.5882,0
"Appalachian State University","Public",0.8308,0.5832
"Barton College","Private nonprofit",0.946,0.375
"Belmont Abbey College","Private nonprofit",0.9717,0.4162
"Bennett College","Private nonprofit",0.4463,0.1053
"Brevard College","Private nonprofit",0.3989,0.2576
"Campbell University","Private nonprofit",0.8858,0.4161
"Catawba College","Private nonprofit",0.6708,0.447
"Chowan University","Private nonprofit",0.8668,0.1628
"Davidson College","Private nonprofit",0.1695,0.8755
"Duke University","Private nonprofit",0.0635,0.9077
"East Carolina University","Public",0.9234,0.4524
"Elizabeth City State University","Public",0.7415,0.2426
"Elon University","Private nonprofit",0.7446,0.7894
"Fayetteville State University","Public",0.8124,0.275
"Gardner-Webb University","Private nonprofit",0.7495,0.4144
"Greensboro College","Private nonprofit",0.8428,0.2932
"Guilford College","Private nonprofit",0.8351,0.4038
"High Point University","Private nonprofit",0.7888,0.6407
"Johnson C Smith University","Private nonprofit",0.2528,0.3123
"Lees-McRae College","Private nonprofit",0.6134,0.4194
"Lenoir-Rhyne University","Private nonprofit",0.8289,0.3918
"Livingstone College","Private nonprofit",0.6377,0.1693
"Mars Hill University","Private nonprofit",0.742,0.3299
"Meredith College","Private nonprofit",0.7318,0.6303
"Methodist University","Private nonprofit",0.7568,0.2939
"Montreat College","Private nonprofit",0.6806,0.3168
"University of Mount Olive","Private nonprofit",0.7459,0.3919
"North Carolina A & T State University","Public",0.5639,0.3431
"University of North Carolina at Asheville","Public",0.7431,0.4434
"University of North Carolina at Chapel Hill","Public",0.1711,0.8511
"University of North Carolina at Charlotte","Public",0.7964,0.4815
"University of North Carolina at Greensboro","Public",0.9194,0.3847
"North Carolina Central University","Public",0.8438,0.2668
"University of North Carolina School of the Arts","Public",0.3178,0.8066
"North Carolina State University at Raleigh","Public",0.4717,0.6502
"North Carolina Wesleyan University","Private nonprofit",0.6843,0.2925
"University of North Carolina Wilmington","Public",0.6883,0.5862
"William Peace University","Private nonprofit",0.6318,0.3673
"University of North Carolina at Pembroke","Public",0.8974,0.2493
"Pfeiffer University","Private nonprofit",0.6905,0.3034
"Queens University of Charlotte","Private nonprofit",0.7127,0.6245
"Mid-Atlantic Christian University","Private nonprofit",0.6333,0.3256
"Saint Augustine's University","Private nonprofit",0.5885,0.1453
"Salem College","Private nonprofit",0.8749,0.598
"Shaw University","Private nonprofit",0.6103,0.0813
"St. Andrews University","Private nonprofit",0.648,0.1875
"Southeastern Baptist Theological Seminary","Private nonprofit",0.8,0.1923
"Wake Forest University","Private nonprofit",0.2137,0.855
"Warren Wilson College","Private nonprofit",0.8398,0.373
"Wingate University","Private nonprofit",0.8615,0.4896
"Winston-Salem State University","Public",0.7339,0.3479
"Western Carolina University","Public",0.8484,0.4341
"Dickinson State University","Public",0.7202,0.1622
"University of Jamestown","Private nonprofit",0.9204,0.4008
"University of Mary","Private nonprofit",0.8139,0.5407
"Mayville State University","Public",0.7123,0.187
"Minot State University","Public",0.9317,0.266
"University of North Dakota","Public",0.8328,0.422
"North Dakota State University-Main Campus","Public",0.9568,0.4327
"Trinity Bible College and Graduate School","Private nonprofit",0.4444,0.234
"Valley City State University","Public",0.8345,0.2785
"Herzing University-Akron","Private nonprofit",0.9386,0.2308
"University of Akron Main Campus","Public",0.8287,0.2724
"Art Academy of Cincinnati","Private nonprofit",1,0.4364
"Ashland University","Private nonprofit",0.7176,0.5081
"Baldwin Wallace University","Private nonprofit",0.7704,0.5526
"Bluffton University","Private nonprofit",0.9629,0.4423
"Bowling Green State University-Main Campus","Public",0.7866,0.4683
"Capital University","Private nonprofit",0.7215,0.5649
"Case Western Reserve University","Private nonprofit",0.2741,0.6841
"Cedarville University","Private nonprofit",0.6488,0.6549
"Central State University","Public",0.8883,0.146
"The Christ College of Nursing and Health Sciences","Private nonprofit",0.7105,0.3288
"University of Cincinnati-Main Campus","Public",0.8622,0.3773
"Cleveland Institute of Art","Private nonprofit",0.6984,0.6563
"Cleveland Institute of Music","Private nonprofit",0.3624,0.7115
"Cleveland State University","Public",0.8532,0.3103
"Columbus College of Art and Design","Private nonprofit",0.9098,0.5615
"University of Dayton","Private nonprofit",0.7405,0.6561
"Defiance College","Private nonprofit",0.6286,0.3676
"Denison University","Private nonprofit",0.2196,0.8205
"The University of Findlay","Private nonprofit",0.8598,0.4972
"Gods Bible School and College","Private nonprofit",0.6379,0.35
"Heidelberg University","Private nonprofit",0.7135,0.4932
"Hiram College","Private nonprofit",0.9314,0.4686
"John Carroll University","Private nonprofit",0.8237,0.7315
"Kent State University at Kent","Public",0.8802,0.5553
"Kenyon College","Private nonprofit",0.343,0.8398
"Kettering College","Private nonprofit",0.3441,0.4783
"Lake Erie College","Private nonprofit",0.541,0.3105
"Lourdes University","Private nonprofit",0.6044,0.3302
"Malone University","Private nonprofit",0.7756,0.4272
"Marietta College","Private nonprofit",0.8285,0.4385
"Mercy College of Ohio","Private nonprofit",0.4619,0.1538
"Miami University-Oxford","Public",0.8792,0.726
"Mount Carmel College of Nursing","Private nonprofit",0.6341,0.5758
"University of Mount Union","Private nonprofit",0.7575,0.5772
"Mount Vernon Nazarene University","Private nonprofit",0.8533,0.5571
"Mount Saint Joseph University","Private nonprofit",0.5435,0.4298
"Muskingum University","Private nonprofit",0.8639,0.4748
"Notre Dame College","Private nonprofit",0.7853,0.2912
"Oberlin College","Private nonprofit",0.3487,0.7165
"Ohio Dominican University","Private nonprofit",0.5242,0.4194
"Ohio Northern University","Private nonprofit",0.5437,0.5509
"Ohio State University-Main Campus","Public",0.5272,0.6866
"Ohio University-Main Campus","Public",0.8652,0.4931
"Ohio Wesleyan University","Private nonprofit",0.5218,0.5926
"Otterbein University","Private nonprofit",0.8368,0.5978
"Pontifical College Josephinum","Private nonprofit",0.875,0.3077
"Rabbinical College Telshe","Private nonprofit",0.9,0.1429
"Franciscan University of Steubenville","Private nonprofit",0.6665,0.6522
"Tiffin University","Private nonprofit",0.8284,0.3643
"University of Toledo","Public",0.9223,0.3269
"Ursuline College","Private nonprofit",0.8508,0.3396
"Walsh University","Private nonprofit",0.7251,0.5321
"Wilberforce University","Private nonprofit",0.4512,0.2899
"Wilmington College","Private nonprofit",0.8813,0.4613
"Wittenberg University","Private nonprofit",0.9393,0.5045
"The College of Wooster","Private nonprofit",0.5627,0.7017
"Wright State University-Main Campus","Public",0.9522,0.2661
"Wright State University-Lake Campus","Public",0.9985,0.2934
"Xavier University","Private nonprofit",0.8454,0.6709
"Youngstown State University","Public",0.806,0.2793
"Oklahoma Wesleyan University","Private nonprofit",0.5213,0.2727
"University of Central Oklahoma","Public",0.6994,0.1394
"East Central University","Public",0.7008,0.1812
"Randall University","Private nonprofit",0.4286,0.0769
"Northeastern State University","Public",0.9946,0.223
"Northwestern Oklahoma State University","Public",0.5642,0.1816
"Oklahoma Christian University","Private nonprofit",0.9602,0.4659
"Oklahoma State University-Main Campus","Public",0.7063,0.4599
"Oklahoma Baptist University","Private nonprofit",0.4734,0.4349
"Oklahoma City University","Private nonprofit",0.7039,0.6018
"University of Oklahoma-Norman Campus","Public",0.7292,0.5332
"Oral Roberts University","Private nonprofit",0.7837,0.5152
"University of Science and Arts of Oklahoma","Public",0.563,0.2808
"Southeastern Oklahoma State University","Public",0.7421,0.1796
"Southwestern Oklahoma State University","Public",0.7678,0.2221
"University of Tulsa","Private nonprofit",0.6918,0.6039
"Eastern Oregon University","Public",0.9852,0.2862
"New Hope Christian College-Eugene","Private nonprofit",0.3412,0.2857
"George Fox University","Private nonprofit",0.9173,0.6149
"Lewis & Clark College","Private nonprofit",0.6859,0.6733
"Linfield University","Private nonprofit",0.8869,0.5995
"Mount Angel Seminary","Private nonprofit",1,0.4
"Multnomah University","Private nonprofit",0.5338,0.3429
"Bushnell University","Private nonprofit",0.6685,0.4321
"Oregon Institute of Technology","Public",0.9258,0.2803
"Oregon State University","Public",0.8253,0.4632
"University of Oregon","Public",0.8629,0.6138
"Pacific Northwest College of Art","Private nonprofit",0.9448,0.3418
"Pacific University","Private nonprofit",0.9228,0.5754
"Portland State University","Public",0.9309,0.3224
"University of Portland","Private nonprofit",0.9251,0.7014
"Reed College","Private nonprofit",0.308,0.6714
"Southern Oregon University","Public",0.8796,0.3384
"Warner Pacific University","Private nonprofit",0.7225,0.2614
"Corban University","Private nonprofit",0.3477,0.3249
"Willamette University","Private nonprofit",0.806,0.678
"Western Oregon University","Public",0.8335,0.2983
"Bryn Athyn College of the New Church","Private nonprofit",0.7997,0.4035
"Albright College","Private nonprofit",0.8487,0.4077
"Allegheny College","Private nonprofit",0.6965,0.5956
"DeSales University","Private nonprofit",0.7717,0.6103
"Alvernia University","Private nonprofit",0.59,0.4377
"Clarks Summit University","Private nonprofit",0.652,0.5513
"Arcadia University","Private nonprofit",0.7757,0.6003
"Bryn Mawr College","Private nonprofit",0.3075,0.7838
"Bucknell University","Private nonprofit",0.3255,0.8242
"Cabrini University","Private nonprofit",0.7852,0.4532
"Carlow University","Private nonprofit",0.927,0.4398
"Carnegie Mellon University","Private nonprofit",0.113,0.7633
"Cedar Crest College","Private nonprofit",0.8425,0.5359
"Central Penn College","Private for-profit",0.3399,0.1912
"Chatham University","Private nonprofit",0.6633,0.6237
"Chestnut Hill College","Private nonprofit",0.9819,0.5574
"Curtis Institute of Music","Private nonprofit",0.0966,0.6667
"Delaware Valley University","Private nonprofit",0.9543,0.461
"Dickinson College","Private nonprofit",0.3492,0.804
"Drexel University","Private nonprofit",0.7961,0.3063
"Duquesne University","Private nonprofit",0.8749,0.6839
"East Stroudsburg University of Pennsylvania","Public",0.9363,0.3372
"Eastern University","Private nonprofit",0.6323,0.5598
"Elizabethtown College","Private nonprofit",0.8112,0.7308
"Franklin and Marshall College","Private nonprofit",0.3623,0.8122
"Gannon University","Private nonprofit",0.8085,0.5453
"Geneva College","Private nonprofit",0.7905,0.6332
"Gettysburg College","Private nonprofit",0.5631,0.7802
"Grove City College","Private nonprofit",0.7098,0.7581
"Gwynedd Mercy University","Private nonprofit",0.5842,0.5403
"Haverford College","Private nonprofit",0.1421,0.8309
"Holy Family University","Private nonprofit",0.7744,0.4241
"Hussian College-Philadelphia","Private for-profit",0.7097,0.5
"Immaculata University","Private nonprofit",0.6974,0.4954
"Indiana University of Pennsylvania-Main Campus","Public",0.9194,0.3771
"Juniata College","Private nonprofit",0.7616,0.665
"Keystone College","Private nonprofit",0.8066,0.324
"King's College","Private nonprofit",0.9599,0.4947
"Kutztown University of Pennsylvania","Public",0.9614,0.4145
"La Roche University","Private nonprofit",0.9736,0.451
"La Salle University","Private nonprofit",0.9425,0.5653
"Lafayette College","Private nonprofit",0.3363,0.8563
"Lancaster Bible College","Private nonprofit",0.9715,0.5924
"Lebanon Valley College","Private nonprofit",0.7674,0.6047
"Lehigh University","Private nonprofit",0.3698,0.8333
"Lincoln University","Public",0.8061,0.3017
"Lycoming College","Private nonprofit",0.7522,0.5481
"Marywood University","Private nonprofit",0.8076,0.5697
"Mercyhurst University","Private nonprofit",0.8055,0.6117
"Messiah University","Private nonprofit",0.7941,0.7445
"Millersville University of Pennsylvania","Public",0.9242,0.3777
"Misericordia University","Private nonprofit",0.8871,0.6714
"Moore College of Art and Design","Private nonprofit",0.5318,0.5286
"Moravian University","Private nonprofit",0.6702,0.6674
"Mount Aloysius College","Private nonprofit",0.8595,0.3478
"Muhlenberg College","Private nonprofit",0.6551,0.7892
"Neumann University","Private nonprofit",0.8546,0.3093
"Pennsylvania State University-Penn State Erie-Behrend College","Public",0.9544,0.2863
"Pennsylvania State University-Penn State New Kensington","Public",0.9145,0.1387
"Pennsylvania State University-Penn State Shenango","Public",0.8698,0.0323
"Pennsylvania State University-Penn State Wilkes-Barre","Public",0.9525,0.1613
"Pennsylvania State University-Penn State Scranton","Public",0.9399,0.2232
"Pennsylvania State University-Penn State Lehigh Valley","Public",0.9408,0.0811
"Pennsylvania State University-Penn State Altoona","Public",0.9576,0.0986
"Pennsylvania State University-Penn State Beaver","Public",0.932,0.1659
"Pennsylvania State University-Penn State Berks","Public",0.9729,0.2238
"Pennsylvania State University-Penn State Harrisburg","Public",0.9555,0.1759
"Pennsylvania State University-Penn State Brandywine","Public",0.9619,0.1464
"Pennsylvania State University-Penn State DuBois","Public",0.9237,0.1509
"Pennsylvania State University-Penn State Fayette- Eberly","Public",0.8073,0.2544
"Pennsylvania State University-Penn State Hazleton","Public",0.8991,0.1049
"Pennsylvania State University-Main Campus","Public",0.5521,0.6939
"Pennsylvania State University-Penn State Greater Allegheny","Public",0.8765,0.1338
"Pennsylvania State University-Penn State Mont Alto","Public",0.913,0.1584
"Pennsylvania State University-Penn State Abington","Public",0.9341,0.1736
"Pennsylvania State University-Penn State Schuylkill","Public",0.8578,0.1856
"Pennsylvania State University-Penn State York","Public",0.9287,0.054
"Pennsylvania Academy of the Fine Arts","Private nonprofit",0.9126,0.4474
"Pennsylvania College of Art and Design","Private nonprofit",0.4431,0.6
"University of Pennsylvania","Private nonprofit",0.065,0.8774
"The University of the Arts","Private nonprofit",0.8002,0.5825
"Cairn University-Langhorne","Private nonprofit",0.8098,0.3172
"University of Pittsburgh-Bradford","Public",0.9355,0.3891
"University of Pittsburgh-Greensburg","Public",0.976,0.2918
"University of Pittsburgh-Johnstown","Public",0.9741,0.3587
"University of Pittsburgh-Pittsburgh Campus","Public",0.4914,0.6874
"Point Park University","Private nonprofit",0.8205,0.5281
"Walnut Hill College","Private for-profit",1,0.8654
"Robert Morris University","Private nonprofit",0.9377,0.4988
"Rosemont College","Private nonprofit",0.7558,0.3669
"Saint Francis University","Private nonprofit",0.7305,0.6754
"Saint Joseph's University","Private nonprofit",0.8868,0.7628
"Saint Vincent College","Private nonprofit",0.7337,0.7077
"University of Scranton","Private nonprofit",0.8435,0.7545
"Seton Hill University","Private nonprofit",0.7834,0.584
"Shippensburg University of Pennsylvania","Public",0.878,0.3755
"Slippery Rock University of Pennsylvania","Public",0.7433,0.5026
"Saint Charles Borromeo Seminary-Overbrook","Private nonprofit",0.75,0.3529
"Susquehanna University","Private nonprofit",0.7669,0.7002
"Swarthmore College","Private nonprofit",0.0693,0.8986
"Talmudical Yeshiva of Philadelphia","Private nonprofit",0.875,0.6053
"Temple University","Public",0.797,0.6232
"Thiel College","Private nonprofit",0.8232,0.3621
"Thomas Jefferson University","Private nonprofit",0.8885,0.5372
"Ursinus College","Private nonprofit",0.8221,0.6911
"University of Valley Forge","Private nonprofit",0.8243,0.3289
"Villanova University","Private nonprofit",0.2339,0.8783
"Washington & Jefferson College","Private nonprofit",0.8808,0.6876
"Waynesburg University","Private nonprofit",0.7557,0.5798
"West Chester University of Pennsylvania","Public",0.8785,0.5111
"Westminster College","Private nonprofit",0.7528,0.573
"Widener University","Private nonprofit",0.8769,0.5632
"Wilkes University","Private nonprofit",0.9414,0.4658
"Wilson College","Private nonprofit",0.9405,0.3228
"York College of Pennsylvania","Private nonprofit",0.9561,0.4933
"Brown University","Private nonprofit",0.0506,0.8528
"Bryant University","Private nonprofit",0.6881,0.8002
"Johnson & Wales University-Providence","Private nonprofit",0.8343,0.4652
"Providence College","Private nonprofit",0.5278,0.8305
"Rhode Island College","Public",0.8753,0.2077
"University of Rhode Island","Public",0.7639,0.5651
"Rhode Island School of Design","Private nonprofit",0.1742,0.6404
"Roger Williams University","Private nonprofit",0.9099,0.5863
"Salve Regina University","Private nonprofit",0.6953,0.6989
"Allen University","Private nonprofit",0.4336,0
"Anderson University","Private nonprofit",0.4539,0.5793
"Charleston Southern University","Private nonprofit",0.8675,0.3403
"Benedict College","Private nonprofit",0.6778,0.1298
"Southern Wesleyan University","Private nonprofit",0.5118,0.5193
"College of Charleston","Public",0.7569,0.5674
"Citadel Military College of South Carolina","Public",0.9858,0.6406
"Claflin University","Private nonprofit",0.78,0.465
"Clemson University","Public",0.4298,0.6552
"Coker University","Private nonprofit",0.9408,0.3701
"Columbia International University","Private nonprofit",0.4822,0.6203
"Columbia College","Private nonprofit",0.9812,0.4795
"Converse University","Private nonprofit",0.5557,0.5152
"Erskine College","Private nonprofit",0.5325,0.4106
"Francis Marion University","Public",0.8291,0.2085
"Furman University","Private nonprofit",0.6702,0.7831
"Lander University","Public",0.674,0.3076
"Limestone University","Private nonprofit",0.8947,0.2113
"Newberry College","Private nonprofit",0.7531,0.3509
"North Greenville University","Private nonprofit",0.7606,0.4442
"Presbyterian College","Private nonprofit",0.5939,0.5261
"University of South Carolina Aiken","Public",0.7562,0.2516
"University of South Carolina Beaufort","Public",0.8003,0.2931
"University of South Carolina-Columbia","Public",0.6405,0.6867
"Coastal Carolina University","Public",0.7863,0.3674
"South Carolina State University","Public",0.839,0.1824
"University of South Carolina-Upstate","Public",0.7858,0.2964
"Winthrop University","Public",0.6976,0.4841
"Wofford College","Private nonprofit",0.6018,0.8
"Augustana University","Private nonprofit",0.6579,0.6081
"Black Hills State University","Public",0.9664,0.2638
"Dakota State University","Public",0.7891,0.3049
"Dakota Wesleyan University","Private nonprofit",0.7477,0.4382
"Mount Marty University","Private nonprofit",0.6839,0.4519
"Northern State University","Public",0.7814,0.3957
"Presentation College","Private nonprofit",0.7558,0.2101
"South Dakota School of Mines and Technology","Public",0.8269,0.2785
"South Dakota State University","Public",0.8608,0.4226
"University of Sioux Falls","Private nonprofit",0.7595,0.4664
"University of South Dakota","Public",0.9946,0.4448
"Austin Peay State University","Public",0.9382,0.273
"Baptist Health Sciences University","Private nonprofit",0.4093,0.4154
"Belmont University","Private nonprofit",0.9627,0.6487
"Bethel University","Private nonprofit",0.8879,0.0205
"Carson-Newman University","Private nonprofit",0.7978,0.4989
"Christian Brothers University","Private nonprofit",0.8746,0.4435
"Cumberland University","Private nonprofit",0.6621,0.3023
"Lipscomb University","Private nonprofit",0.7112,0.4557
"East Tennessee State University","Public",0.8526,0.3945
"Fisk University","Private nonprofit",0.7097,0.5122
"Freed-Hardeman University","Private nonprofit",0.9119,0.5802
"Johnson University","Private nonprofit",0.6321,0.5038
"King University","Private nonprofit",0.608,0.4152
"Le Moyne-Owen College","Private nonprofit",0.9956,0.0819
"Lee University","Private nonprofit",0.7259,0.4938
"Lincoln Memorial University","Private nonprofit",0.7848,0.3977
"The University of Tennessee Southern","Public",0.8026,0.2271
"Maryville College","Private nonprofit",0.695,0.4642
"University of Memphis","Public",0.946,0.2833
"Middle Tennessee State University","Public",0.7254,0.3516
"Rhodes College","Private nonprofit",0.5391,0.8225
"The University of the South","Private nonprofit",0.5232,0.7427
"Southern Adventist University","Private nonprofit",0.6578,0.3613
"Tennessee Wesleyan University","Private nonprofit",0.6074,0.3125
"The University of Tennessee-Chattanooga","Public",0.8265,0.3602
"The University of Tennessee-Knoxville","Public",0.6841,0.5378
"The University of Tennessee-Martin","Public",0.8844,0.3783
"Tennessee Technological University","Public",0.781,0.3953
"Trevecca Nazarene University","Private nonprofit",0.7087,0.4861
"Tusculum University","Private nonprofit",0.8108,0.2685
"Union University","Private nonprofit",0.5255,0.5821
"Vanderbilt University","Private nonprofit",0.0667,0.8862
"Abilene Christian University","Private nonprofit",0.6579,0.4904
"Angelo State University","Public",0.7914,0.2952
"Austin College","Private nonprofit",0.5437,0.6725
"Baptist Missionary Association Theological Seminary","Private nonprofit",0.7,0
"Baylor University","Private nonprofit",0.4588,0.6815
"Concordia University Texas","Private nonprofit",0.8574,0.2852
"Texas A & M University-Corpus Christi","Public",0.8797,0.1887
"Dallas Baptist University","Private nonprofit",0.9137,0.4458
"Dallas Christian College","Private nonprofit",0.5,0.2667
"University of Dallas","Private nonprofit",0.587,0.6739
"East Texas Baptist University","Private nonprofit",0.677,0.3555
"Texas A&M University-Texarkana","Public",0.9148,0.203
"Texas A & M University-Commerce","Public",0.8645,0.2591
"Hallmark University","Private nonprofit",0.5289,0.6026
"Hardin-Simmons University","Private nonprofit",0.8825,0.4694
"Houston Baptist University","Private nonprofit",0.8448,0.3681
"University of Houston-Clear Lake","Public",0.6937,0.2863
"University of Houston-Downtown","Public",0.8842,0.1363
"University of Houston-Victoria","Public",0.8213,0.1003
"University of Houston","Public",0.6624,0.3915
"Howard Payne University","Private nonprofit",0.6229,0.2202
"Huston-Tillotson University","Private nonprofit",0.5194,0.2483
"University of the Incarnate Word","Private nonprofit",0.942,0.3376
"Lamar University","Public",0.8373,0.1646
"Texas A & M International University","Public",0.4788,0.3047
"LeTourneau University","Private nonprofit",0.4883,0.5598
"Lubbock Christian University","Private nonprofit",0.8159,0.3406
"University of Mary Hardin-Baylor","Private nonprofit",0.9567,0.3512
"McMurry University","Private nonprofit",0.565,0.257
"Midwestern State University","Public",0.9243,0.2262
"University of North Texas","Public",0.7913,0.4199
"The University of Texas Rio Grande Valley","Public",0.877,0.2935
"Paul Quinn College","Private nonprofit",0.5728,0.124
"Prairie View A & M University","Public",0.7607,0.1603
"Rice University","Private nonprofit",0.0868,0.8758
"Saint Edward's University","Private nonprofit",0.851,0.5592
"University of St Thomas","Private nonprofit",0.9671,0.386
"Sam Houston State University","Public",0.8463,0.3375
"Schreiner University","Private nonprofit",0.852,0.4186
"St. Mary's University","Private nonprofit",0.8622,0.0307
"Southern Methodist University","Private nonprofit",0.5225,0.7528
"Southwestern Assemblies of God University","Private nonprofit",0.8565,0.3814
"Southwestern University","Private nonprofit",0.4479,0.6421
"Stephen F Austin State University","Public",0.8951,0.3625
"Texas State University","Public",0.877,0.3483
"Southwestern Adventist University","Private nonprofit",0.5362,0.2787
"Sul Ross State University","Public",0.9707,0.1433
"Tarleton State University","Public",0.8706,0.2925
"Texas A & M University-Kingsville","Public",0.9655,0.2752
"Texas A & M University-College Station","Public",0.6265,0.605
"The University of Texas at Arlington","Public",0.808,0.3103
"The University of Texas at Austin","Public",0.3135,0.7224
"The University of Texas at Dallas","Public",0.8474,0.5269
"The University of Texas at El Paso","Public",0.9992,0.1861
"The University of Texas at Tyler","Public",0.9387,0.3129
"Texas Christian University","Private nonprofit",0.561,0.7275
"Texas Lutheran University","Private nonprofit",0.9183,0.3093
"The University of Texas Permian Basin","Public",0.9471,0.234
"The University of Texas at San Antonio","Public",0.869,0.3237
"Texas Southern University","Public",0.968,0.1107
"Texas Tech University","Public",0.6734,0.414
"Texas Wesleyan University","Private nonprofit",0.6093,0.2226
"Texas Woman's University","Public",0.9363,0.2633
"Trinity University","Private nonprofit",0.3051,0.6712
"Wayland Baptist University","Private nonprofit",0.6972,0.0895
"West Texas A & M University","Public",0.9163,0.3052
"Brigham Young University","Private nonprofit",0.6667,0.2612
"Brigham Young University-Hawaii","Private nonprofit",0.3421,0.3453
"Southern Utah University","Public",0.8385,0.29
"Utah State University","Public",0.9373,0.2747
"University of Utah","Public",0.8913,0.3476
"Westminster College","Private nonprofit",0.6975,0.4681
"Bennington College","Private nonprofit",0.4531,0.6308
"Castleton University","Public",0.8051,0.432
"Champlain College","Private nonprofit",0.5568,0.5732
"Goddard College","Private nonprofit",0.8571,0.4286
"Northern Vermont University","Public",0.7288,0.2483
"Middlebury College","Private nonprofit",0.1269,0.856
"Norwich University","Private nonprofit",0.8261,0.5402
"Saint Michael's College","Private nonprofit",0.8515,0.7118
"Sterling College","Private nonprofit",0.9286,0.2222
"Vermont Technical College","Public",0.4978,0.2895
"University of Vermont","Public",0.5979,0.6738
"Averett University","Private nonprofit",0.7603,0.3333
"Bluefield University","Private nonprofit",0.6301,0.236
"Bridgewater College","Private nonprofit",0.9036,0.5183
"William & Mary","Public",0.335,0.8583
"Regent University","Private nonprofit",0.3234,0.4474
"Christopher Newport University","Public",0.8535,0.6914
"Emory & Henry College","Private nonprofit",0.9685,0.4859
"Eastern Mennonite University","Private nonprofit",0.9948,0.5135
"Ferrum College","Private nonprofit",0.843,0.2129
"George Mason University","Public",0.9,0.4853
"Hampden-Sydney College","Private nonprofit",0.3979,0.7314
"Hampton University","Private nonprofit",0.7447,0.2955
"Hollins University","Private nonprofit",0.724,0.5848
"James Madison University","Public",0.7831,0.6643
"Liberty University","Private nonprofit",0.9929,0.5276
"Longwood University","Public",0.8779,0.5206
"University of Lynchburg","Private nonprofit",0.9594,0.5374
"University of Mary Washington","Public",0.8579,0.5925
"Marymount University","Private nonprofit",0.8142,0.4715
"Norfolk State University","Public",0.895,0.1803
"Old Dominion University","Public",0.9514,0.2518
"Radford University","Public",0.9334,0.3802
"Randolph-Macon College","Private nonprofit",0.8545,0.6793
"Randolph College","Private nonprofit",0.9501,0.4599
"University of Richmond","Private nonprofit",0.2437,0.8331
"Roanoke College","Private nonprofit",0.7976,0.6877
"Shenandoah University","Private nonprofit",0.8036,0.5661
"Southern Virginia University","Private nonprofit",0.9945,0.2794
"Sweet Briar College","Private nonprofit",0.7575,0.597
"University of Virginia's College at Wise","Public",0.7557,0.2351
"Virginia Polytechnic Institute and State University","Public",0.5698,0.6973
"Virginia Commonwealth University","Public",0.91,0.439
"University of Virginia-Main Campus","Public",0.1866,0.9079
"Virginia Military Institute","Public",0.7106,0.6454
"Virginia State University","Public",0.8972,0.2411
"Virginia Union University","Private nonprofit",0.8055,0.2609
"Virginia Wesleyan University","Private nonprofit",0.8143,0.3716
"Washington and Lee University","Private nonprofit",0.1696,0.9267
"Central Washington University","Public",0.9349,0.2979
"Cornish College of the Arts","Private nonprofit",0.7113,0.4884
"Eastern Washington University","Public",0.9612,0.2813
"The Evergreen State College","Public",0.7437,0.3145
"Gonzaga University","Private nonprofit",0.6974,0.7981
"Northwest University","Private nonprofit",0.9426,0.6193
"Pacific Lutheran University","Private nonprofit",0.889,0.6263
"University of Puget Sound","Private nonprofit",0.8266,0.6958
"Saint Martin's University","Private nonprofit",0.9504,0.5297
"Seattle Pacific University","Private nonprofit",0.9071,0.4701
"Seattle University","Private nonprofit",0.8515,0.6779
"Washington State University","Public",0.831,0.4111
"University of Washington-Seattle Campus","Public",0.4752,0.7141
"Western Washington University","Public",0.9269,0.4236
"Whitman College","Private nonprofit",0.477,0.8346
"Whitworth University","Private nonprofit",0.9052,0.6554
"Alderson Broaddus University","Private nonprofit",0.6149,0.2355
"Appalachian Bible College","Private nonprofit",1,0.5185
"Bethany College","Private nonprofit",0.6492,0.2927
"Bluefield State University","Public",0.9717,0.3069
"University of Charleston","Private nonprofit",0.6773,0.3604
"Concord University","Public",0.9139,0.2964
"Davis & Elkins College","Private nonprofit",0.7526,0.3736
"Fairmont State University","Public",0.9849,0.4074
"Marshall University","Public",0.9688,0.344
"Shepherd University","Public",0.9586,0.3477
"West Virginia State University","Public",0.9618,0.2312
"West Liberty University","Public",0.7409,0.3693
"West Virginia University Institute of Technology","Public",0.6458,0.2007
"West Virginia Wesleyan College","Private nonprofit",0.9635,0.4651
"West Virginia University","Public",0.8838,0.435
"Wheeling University","Private nonprofit",0.7265,0.54
"Alverno College","Private nonprofit",0.8988,0.4025
"Bellin College","Private nonprofit",0.9286,0.7297
"Beloit College","Private nonprofit",0.6586,0.6518
"Cardinal Stritch University","Private nonprofit",0.9258,0.3515
"Carroll University","Private nonprofit",0.7214,0.5637
"Carthage College","Private nonprofit",0.8183,0.5817
"Concordia University-Wisconsin","Private nonprofit",0.7037,0.4841
"Edgewood College","Private nonprofit",0.9862,0.4521
"Lakeland University","Private nonprofit",0.9951,0.3979
"Lawrence University","Private nonprofit",0.7227,0.6193
"Maranatha Baptist University","Private nonprofit",0.7508,0.4205
"Marian University","Private nonprofit",0.7155,0.3596
"Marquette University","Private nonprofit",0.8721,0.6648
"Milwaukee Institute of Art & Design","Private nonprofit",0.6397,0.4971
"Milwaukee School of Engineering","Private nonprofit",0.6347,0.5173
"Mount Mary University","Private nonprofit",0.6945,0.4746
"Northland College","Private nonprofit",0.6839,0.4749
"Ripon College","Private nonprofit",0.8133,0.4717
"Saint Norbert College","Private nonprofit",0.8359,0.6926
"Viterbo University","Private nonprofit",0.7238,0.4695
"University of Wisconsin-Whitewater","Public",0.8238,0.3975
"University of Wisconsin-Eau Claire","Public",0.7662,0.428
"University of Wisconsin-Green Bay","Public",0.8962,0.3586
"University of Wisconsin-La Crosse","Public",0.7425,0.4624
"Wisconsin Lutheran College","Private nonprofit",0.9383,0.5132
"University of Wisconsin-Oshkosh","Public",0.8852,0.2784
"University of Wisconsin-Parkside","Public",0.7283,0.2114
"Herzing University-Madison","Private nonprofit",0.9448,0.25
"University of Wisconsin-Stout","Public",0.8631,0.2612
"University of Wisconsin-Superior","Public",0.956,0.2561
"University of Wisconsin-Madison","Public",0.4906,0.713
"University of Wisconsin-Milwaukee","Public",0.8632,0.2498
"University of Wisconsin-Platteville","Public",0.8543,0.3105
"University of Wisconsin-River Falls","Public",0.8448,0.4065
"University of Wisconsin-Stevens Point","Public",0.8905,0.3787
"University of Wyoming","Public",0.9598,0.3912
"Universidad Adventista de las Antillas","Private nonprofit",0.8308,0.2123
"Universidad Central de Bayamon","Private nonprofit",0.8036,0.044
"Albizu University-San Juan","Private nonprofit",1,0.6863
"Pontifical Catholic University of Puerto Rico-Arecibo","Private nonprofit",0.9821,0.1818
"Pontifical Catholic University of Puerto Rico-Ponce","Private nonprofit",0.9474,0.1258
"Colegio Universitario de San Juan","Public",0.9846,0.1186
"Puerto Rico Conservatory of Music","Public",0.8448,0.2609
"EDP University of Puerto Rico Inc-San Sebastian","Private nonprofit",0.9008,0.2
"Escuela de Artes Plasticas y Diseno de Puerto Rico","Public",1,0.0286
"Inter American University of Puerto Rico-San German","Private nonprofit",0.4011,0.0868
"Inter American University of Puerto Rico-Aguadilla","Private nonprofit",0.4568,0.0741
"Inter American University of Puerto Rico-Arecibo","Private nonprofit",0.3331,0.0414
"Inter American University of Puerto Rico-Barranquitas","Private nonprofit",0.6777,0.1556
"Inter American University of Puerto Rico-Metro","Private nonprofit",0.4678,0.1802
"Inter American University of Puerto Rico-Ponce","Private nonprofit",0.5275,0.0997
"Inter American University of Puerto Rico-Fajardo","Private nonprofit",0.4465,0.064
"Inter American University of Puerto Rico-Guayama","Private nonprofit",0.4696,0.102
"Inter American University of Puerto Rico-Bayamon","Private nonprofit",0.3381,0.0539
"University of Puerto Rico-Aguadilla","Public",0.7684,0.128
"University of Puerto Rico-Arecibo","Public",0.6004,0.1399
"University of Puerto Rico-Bayamon","Public",0.9323,0.0785
"University of Puerto Rico-Carolina","Public",0.5542,0.381
"University of Puerto Rico-Cayey","Public",0.4932,0.052
"University of Puerto Rico-Humacao","Public",0.5205,0.1137
"University of Puerto Rico-Utuado","Public",0.6804,0.0226
"University of Puerto Rico-Mayaguez","Public",0.5435,0.0309
"University of Puerto Rico at Ponce","Public",0.5404,0.0741
"University of Puerto Rico-Rio Piedras","Public",0.5159,0.1538
"Universidad del Sagrado Corazon","Private nonprofit",0.5523,0.1344
"Universidad Central Del Caribe","Private nonprofit",0.7778,0.0909
"Pontifical Catholic University of Puerto Rico-Mayaguez","Private nonprofit",0.9977,0.0341
"University of the Virgin Islands","Public",0.969,0.0934
"Stanford University","Private nonprofit",0.0368,0.7284
"Purdue University-Main Campus","Public",0.527,0.6223
"EDP University of Puerto Rico Inc-San Juan","Private nonprofit",0.3964,0.3333
"St. John's College","Private nonprofit",0.5408,0.6269
"Yeshiva Gedolah of Greater Detroit","Private nonprofit",0.84,0.7692
"ECPI University","Private for-profit",0.8269,0.4011
"New College of Florida","Public",0.7541,0.5391
"University of Advancing Technology","Private for-profit",0.915,0.4079
"California State University-San Marcos","Public",0.9519,0.2328
"Hussian College-Daymar College Clarksville","Private for-profit",0.5332,0.875
"Nossi College of Art","Private for-profit",0.5673,0.4118
"Northwest College of Art & Design","Private for-profit",0.6794,0.2188
"University of Washington-Bothell Campus","Public",0.8808,0.486
"University of Washington-Tacoma Campus","Public",0.8835,0.4317
"Beacon College","Private nonprofit",0.5192,0.35
"Rabbi Jacob Joseph School","Private nonprofit",0.7333,0
"Everglades University","Private nonprofit",0.7035,0.5076
"Herzing University-Orlando","Private nonprofit",0.9429,0.6667
"Soka University of America","Private nonprofit",0.5663,0.8462
"Yeshivas Novominsk","Private nonprofit",0.78,0
"California State University-Monterey Bay","Public",0.9239,0.373
"Trine University-Regional/Non-Traditional Campuses","Private nonprofit",0.2444,0
"Messenger College","Private nonprofit",0.5,0.25
"Yeshiva D'monsey Rabbinical College","Private nonprofit",0.3182,0
"Arizona College of Nursing-Tempe","Private for-profit",1,0.6
"Eastern International College-Jersey City","Private for-profit",0.1705,0.2143
"Embry-Riddle Aeronautical University-Worldwide","Private nonprofit",0.5767,0.1023
"San Juan Bautista School of Medicine","Private nonprofit",1,0.5
"Herzing University-New Orleans","Private nonprofit",0.95,0.1
"Florida Gulf Coast University","Public",0.7439,0.4099
"University of Connecticut-Waterbury Campus","Public",0.9791,0.3926
"University of Connecticut-Avery Point","Public",0.9742,0.4509
"University of Connecticut-Stamford","Public",0.9218,0.4294
"The King's University","Private nonprofit",0.9375,0.4667
"Pacific Islands University","Private nonprofit",0.6889,1
"New Saint Andrews College","Private nonprofit",0.8296,0.6944
"Oregon State University-Cascades Campus","Public",0.7902,0.375
"Nevada State College","Public",0.8248,0.1377
"California State University-Channel Islands","Public",0.8965,0.3005
"Franklin W Olin College of Engineering","Private nonprofit",0.1914,0.8228
"Pennsylvania College of Health Sciences","Private nonprofit",0.457,0.4
"St Louis College of Health Careers-Fenton","Private for-profit",1,0.6154
"Family of Faith Christian University","Private nonprofit",0.7143,0.25
"DigiPen Institute of Technology","Private for-profit",0.6637,0.4456
"Hussian College-Daymar College Murfreesboro","Private for-profit",0.7778,0
"Beis Medrash Heichal Dovid","Private nonprofit",0.5783,0.1026
"University of California-Merced","Public",0.8946,0.4387
"Central Methodist University-College of Graduate and Extended Studies","Private nonprofit",1,0
"Neumont College of Computer Science","Private for-profit",0.8755,0.5531
"Johnson & Wales University-Charlotte","Private nonprofit",0.7334,0.3439
"Ave Maria University","Private nonprofit",0.4421,0.4323
"Ecclesia College","Private nonprofit",0.551,0.225
"Los Angeles College of Music","Private for-profit",0.8283,0.2558
"Harrisburg University of Science and Technology","Private nonprofit",0.8431,0.2273
"Joyce University of Nursing and Health Sciences","Private for-profit",0.9742,1
"Georgia Gwinnett College","Public",0.9364,0.042
"SUM Bible College and Theological Seminary","Private nonprofit",0.835,0.4211
"Bais Medrash Toras Chesed","Private nonprofit",0.7051,0
"Visible Music College","Private nonprofit",0.2041,0.24
"University of the West","Private nonprofit",0.7826,0
"Yeshivas Be'er Yitzchok","Private nonprofit",0.8889,0
"Yeshiva Toras Chaim","Private nonprofit",0.59,0
"Talmudical Seminary of Bobov","Private nonprofit",0.9189,0
"Patrick Henry College","Private nonprofit",0.7585,0.5882
"The King's College","Private nonprofit",0.4527,0.4938
"Chamberlain University-Illinois","Private for-profit",0.9091,0.3125
"Chamberlain University-Ohio","Private for-profit",0.7857,0.1111
"Chamberlain University-Arizona","Private for-profit",0.8333,0
"Yeshiva of Machzikai Hadas","Private nonprofit",0.7174,0
"Providence Christian College","Private nonprofit",0.8712,0.2373
"University of Minnesota-Rochester","Public",0.717,0.5448
"Compass College of Film and Media","Private nonprofit",1,0.375
"Herzing University-Kenosha","Private nonprofit",0.9348,0
"Herzing University-Brookfield","Private nonprofit",0.9508,1
"Texas A&M University-San Antonio","Public",0.9609,0.1694
"Johnson & Wales University-Online","Private nonprofit",0.675,0
"Fairfax University of America","Private nonprofit",0.0106,0
"Chamberlain University-Virginia","Private for-profit",0.5,1
"Simmons College of Kentucky","Private nonprofit",0.6713,0.2222
"John Paul the Great Catholic University","Private nonprofit",0.7959,0.7297
"University of Connecticut-Hartford Campus","Public",0.973,0.4027
"Chamberlain University-Missouri","Private for-profit",0.7143,0.25
"Chamberlain University-Texas","Private for-profit",0.8571,0.75
"Criswell College","Private nonprofit",1,0.3
"Chamberlain University-Georgia","Private for-profit",0.6842,1
"Chamberlain University-Indiana","Private for-profit",1,1
"Bais HaMedrash and Mesivta of Baltimore","Private nonprofit",1,0.85
"Yeshiva Gedolah Zichron Leyma","Private nonprofit",0.4884,0
"Pennsylvania State University-World Campus","Public",0.8168,0.1772
"California Miramar University","Private for-profit",0.2241,0.2222
"Midwives College of Utah","Private nonprofit",0.4286,0
"Yeshiva Gedolah Kesser Torah","Private nonprofit",0.5227,0.4211
"Yeshiva Yesodei Hatorah","Private nonprofit",0.9259,0
"Augusta University","Public",0.8553,0.2497
"Middle Georgia State University","Public",0.9971,0.107
"Veritas Baptist College","Private nonprofit",1,0
"DeVry College of New York","Private for-profit",0.2667,0.1538
"DeVry University-California","Private for-profit",0.4011,0.08
"DeVry University-Florida","Private for-profit",0.3333,0.0833
"DeVry University-Georgia","Private for-profit",0.5,0.0625
"DeVry University-Illinois","Private for-profit",0.4302,0.2262
"DeVry University-New Jersey","Private for-profit",1,0
"DeVry University-Ohio","Private for-profit",0.5,0.1111
"DeVry University-Texas","Private for-profit",0,0
"DeVry University-Virginia","Private for-profit",0.3333,0
"University of North Georgia","Public",0.6963,0.3309
"Florida Polytechnic University","Public",0.5603,0.3094
"Antioch College","Private nonprofit",0.8295,0.125
"Arizona State University Digital Immersion","Public",0.6448,0.2381
"University of Florida-Online","Public",0.6464,0.4118
"Minerva University","Private nonprofit",0.01,0.7125
"University of North Texas at Dallas","Public",0.9361,0.3113
"American College of the Building Arts","Private nonprofit",0.7667,0.36
"Bet Medrash Gadol Ateret Torah","Private nonprofit",0.9211,0
"Yeshiva Ohr Yisrael","Private nonprofit",1,0
"Yeshiva Sholom Shachna","Private nonprofit",1,0.381
"Beth Medrash Meor Yitzchok","Private nonprofit",0.56,0
"Bethany Global University","Private nonprofit",0.9615,0.3676
"Kennesaw State University","Public",0.6785,0.1878
"Milligan University","Private nonprofit",0.6671,0.5773
"Chamberlain University-Nevada","Private for-profit",0.8182,0.3333
"Chamberlain University-Michigan","Private for-profit",0.4,1
"Chamberlain University-New Jersey","Private for-profit",0.9,0
"Hussian College-Los Angeles","Private for-profit",0.4767,0.5102
"Arizona College of Nursing-Las Vegas","Private for-profit",1,0.75
"Husson University","Private nonprofit",0.9131,0.4218
"Beth Medrash of Asbury Park","Private nonprofit",0.75,0
"Yeshiva Gedolah Shaarei Shmuel","Private nonprofit",0.4631,0.2632
"Chamberlain University-North Carolina","Private for-profit",0.5,1
"Carolina University","Private nonprofit",0.5202,0.2857
"Westcliff University","Private for-profit",0.6742,0.1458
"Yeshiva Bais Aharon","Private nonprofit",0.6,0
"Yeshiva Ohr Naftoli","Private nonprofit",1,0.6667
"Bais Medrash Mayan Hatorah","Private nonprofit",0.425,0.0833
"Purdue University Northwest","Public",0.7282,0.2552
"Yeshiva Kollel Tifereth Elizer","Private nonprofit",0.8235,0
"Union Bible College","Private nonprofit",0.8909,0.375
"Yeshiva Gedolah Tiferes Boruch","Private nonprofit",0.8636,0.0769
"Yeshiva Chemdas Hatorah","Private nonprofit",0.5556,0
"Women's Institute of Torah Seminary and College","Private nonprofit",1,1
"Yeshiva Gedolah Keren Hatorah","Private nonprofit",1,0
"Yeshiva Gedolah of Cliffwood","Private nonprofit",0.5,0.2857
"Yeshivas Emek Hatorah","Private nonprofit",1,0.3
"Yeshiva Gedola Tiferes Yerachmiel","Private nonprofit",0.2927,0
"Yeshiva of Ocean","Private nonprofit",0.64,0
"Yeshivat Hechal Shemuel","Private nonprofit",1,0
"Yeshiva Gedolah of Woodlake Village","Private nonprofit",0.8333,0.0625
"Yeshiva Gedola Tiferes Yaakov Yitzchok","Private nonprofit",0.625,0.1429
"The Southwestern Baptist Theological Seminary","Private nonprofit",0.732,0.24
"Urshan College","Private nonprofit",0.8529,0.3571
"California Northstate University","Private for-profit",0.9471,0.72
"Commonwealth University of Pennsylvania","Public",0.9396,0.4041
"Pennsylvania Western University","Public",0.9362,0.3679
